﻿key_resp.keys,key_resp.rt,participant,session,date,expName,psychopyVersion,OS,frameRate,trials.thisRepN,trials.thisTrialN,trials.thisN,trials.thisIndex,trials.ran,img,audio
space,8.535,433777,001,2023-02-06_17h20.38.801,learningnewwords,2022.2.4,MacIntel,200,,,,,,,
,,433777,001,2023-02-06_17h20.38.801,learningnewwords,2022.2.4,MacIntel,200,0,0,0,19,1,55.jpg,55.wav
,,433777,001,2023-02-06_17h20.38.801,learningnewwords,2022.2.4,MacIntel,200,0,1,1,2,1,7.jpg,7.wav
,,433777,001,2023-02-06_17h20.38.801,learningnewwords,2022.2.4,MacIntel,200,0,2,2,7,1,22.jpg,22.wav
,,433777,001,2023-02-06_17h20.38.801,learningnewwords,2022.2.4,MacIntel,200,0,3,3,6,1,18.jpg,18.wav
,,433777,001,2023-02-06_17h20.38.801,learningnewwords,2022.2.4,MacIntel,200,0,4,4,18,1,54.jpg,54.wav
,,433777,001,2023-02-06_17h20.38.801,learningnewwords,2022.2.4,MacIntel,200,0,5,5,3,1,9.jpg,9.wav
,,433777,001,2023-02-06_17h20.38.801,learningnewwords,2022.2.4,MacIntel,200,0,6,6,11,1,33.jpg,33.wav
,,433777,001,2023-02-06_17h20.38.801,learningnewwords,2022.2.4,MacIntel,200,0,7,7,8,1,24.jpg,24.wav
,,433777,001,2023-02-06_17h20.38.801,learningnewwords,2022.2.4,MacIntel,200,0,8,8,20,1,57.jpg,57.wav
,,433777,001,2023-02-06_17h20.38.801,learningnewwords,2022.2.4,MacIntel,200,0,9,9,1,1,4.jpg,4.wav
,,433777,001,2023-02-06_17h20.38.801,learningnewwords,2022.2.4,MacIntel,200,0,10,10,0,1,2.jpg,2.wav
,,433777,001,2023-02-06_17h20.38.801,learningnewwords,2022.2.4,MacIntel,200,0,11,11,16,1,47.jpg,47.wav
,,433777,001,2023-02-06_17h20.38.801,learningnewwords,2022.2.4,MacIntel,200,0,12,12,5,1,15.jpg,15.wav
,,433777,001,2023-02-06_17h20.38.801,learningnewwords,2022.2.4,MacIntel,200,0,13,13,13,1,37.jpg,37.wav
,,433777,001,2023-02-06_17h20.38.801,learningnewwords,2022.2.4,MacIntel,200,0,14,14,12,1,35.jpg,35.wav
,,433777,001,2023-02-06_17h20.38.801,learningnewwords,2022.2.4,MacIntel,200,0,15,15,17,1,49.jpg,49.wav
,,433777,001,2023-02-06_17h20.38.801,learningnewwords,2022.2.4,MacIntel,200,0,16,16,14,1,42.jpg,42.wav
,,433777,001,2023-02-06_17h20.38.801,learningnewwords,2022.2.4,MacIntel,200,0,17,17,15,1,43.jpg,43.wav
,,433777,001,2023-02-06_17h20.38.801,learningnewwords,2022.2.4,MacIntel,200,0,18,18,4,1,14.jpg,14.wav
,,433777,001,2023-02-06_17h20.38.801,learningnewwords,2022.2.4,MacIntel,200,0,19,19,10,1,29.jpg,29.wav
,,433777,001,2023-02-06_17h20.38.801,learningnewwords,2022.2.4,MacIntel,200,0,20,20,9,1,27.jpg,27.wav
