﻿key_resp.keys,key_resp.rt,participant,session,date,expName,psychopyVersion,OS,frameRate,trials.thisRepN,trials.thisTrialN,trials.thisN,trials.thisIndex,trials.ran,img,audio
space,1.47,698901,001,2023-02-09_08h59.06.484,learningnewwords,2022.2.4,MacIntel,58.82352941,,,,,,,
,,698901,001,2023-02-09_08h59.06.484,learningnewwords,2022.2.4,MacIntel,58.82352941,0,0,0,14,1,42.jpg,42.wav
,,698901,001,2023-02-09_08h59.06.484,learningnewwords,2022.2.4,MacIntel,58.82352941,0,1,1,1,1,4.jpg,4.wav
,,698901,001,2023-02-09_08h59.06.484,learningnewwords,2022.2.4,MacIntel,58.82352941,0,2,2,19,1,55.jpg,55.wav
,,698901,001,2023-02-09_08h59.06.484,learningnewwords,2022.2.4,MacIntel,58.82352941,0,3,3,13,1,37.jpg,37.wav
,,698901,001,2023-02-09_08h59.06.484,learningnewwords,2022.2.4,MacIntel,58.82352941,0,4,4,15,1,43.jpg,43.wav
,,698901,001,2023-02-09_08h59.06.484,learningnewwords,2022.2.4,MacIntel,58.82352941,0,5,5,3,1,9.jpg,9.wav
,,698901,001,2023-02-09_08h59.06.484,learningnewwords,2022.2.4,MacIntel,58.82352941,0,6,6,20,1,57.jpg,57.wav
,,698901,001,2023-02-09_08h59.06.484,learningnewwords,2022.2.4,MacIntel,58.82352941,0,7,7,5,1,15.jpg,15.wav
,,698901,001,2023-02-09_08h59.06.484,learningnewwords,2022.2.4,MacIntel,58.82352941,0,8,8,6,1,18.jpg,18.wav
,,698901,001,2023-02-09_08h59.06.484,learningnewwords,2022.2.4,MacIntel,58.82352941,0,9,9,16,1,47.jpg,47.wav
,,698901,001,2023-02-09_08h59.06.484,learningnewwords,2022.2.4,MacIntel,58.82352941,0,10,10,18,1,54.jpg,54.wav
,,698901,001,2023-02-09_08h59.06.484,learningnewwords,2022.2.4,MacIntel,58.82352941,0,11,11,12,1,35.jpg,35.wav
,,698901,001,2023-02-09_08h59.06.484,learningnewwords,2022.2.4,MacIntel,58.82352941,0,12,12,11,1,33.jpg,33.wav
,,698901,001,2023-02-09_08h59.06.484,learningnewwords,2022.2.4,MacIntel,58.82352941,0,13,13,8,1,24.jpg,24.wav
,,698901,001,2023-02-09_08h59.06.484,learningnewwords,2022.2.4,MacIntel,58.82352941,0,14,14,4,1,14.jpg,14.wav
,,698901,001,2023-02-09_08h59.06.484,learningnewwords,2022.2.4,MacIntel,58.82352941,0,15,15,2,1,7.jpg,7.wav
,,698901,001,2023-02-09_08h59.06.484,learningnewwords,2022.2.4,MacIntel,58.82352941,0,16,16,17,1,49.jpg,49.wav
,,698901,001,2023-02-09_08h59.06.484,learningnewwords,2022.2.4,MacIntel,58.82352941,0,17,17,7,1,22.jpg,22.wav
,,698901,001,2023-02-09_08h59.06.484,learningnewwords,2022.2.4,MacIntel,58.82352941,0,18,18,0,1,2.jpg,2.wav
,,698901,001,2023-02-09_08h59.06.484,learningnewwords,2022.2.4,MacIntel,58.82352941,0,19,19,10,1,29.jpg,29.wav
,,698901,001,2023-02-09_08h59.06.484,learningnewwords,2022.2.4,MacIntel,58.82352941,0,20,20,9,1,27.jpg,27.wav
