﻿key_resp.keys,key_resp.rt,participant,session,date,expName,psychopyVersion,OS,frameRate,trials.thisRepN,trials.thisTrialN,trials.thisN,trials.thisIndex,trials.ran,img,audio,key_resp_4.keys,key_resp_4.rt,trials_2.thisRepN,trials_2.thisTrialN,trials_2.thisN,trials_2.thisIndex,trials_2.ran,key_resp_2.keys,key_resp_2.rt,key_resp_3.keys,key_resp_3.corr,key_resp_3.rt,textbox.text,mouse.x,mouse.y,mouse.leftButton,mouse.midButton,mouse.rightButton,mouse.time,mouse.clicked_name,trials_3.thisRepN,trials_3.thisTrialN,trials_3.thisN,trials_3.thisIndex,trials_3.ran,im,aud,key,what,q
space,44.7578,наташа григ,001,2023-02-05_21h20.30.690,learningnewwords,2022.2.4,Win32,60.94959469,,,,,,,,,,,,,,,,,,,,,,,,,,,,,,,,,,,,,
,,наташа григ,001,2023-02-05_21h20.30.690,learningnewwords,2022.2.4,Win32,60.94959469,0,0,0,3,1,9.jpg,9.wav,,,,,,,,,,,,,,,,,,,,,,,,,,,,,,
,,наташа григ,001,2023-02-05_21h20.30.690,learningnewwords,2022.2.4,Win32,60.94959469,0,1,1,19,1,55.jpg,55.wav,,,,,,,,,,,,,,,,,,,,,,,,,,,,,,
,,наташа григ,001,2023-02-05_21h20.30.690,learningnewwords,2022.2.4,Win32,60.94959469,0,2,2,6,1,18.jpg,18.wav,,,,,,,,,,,,,,,,,,,,,,,,,,,,,,
,,наташа григ,001,2023-02-05_21h20.30.690,learningnewwords,2022.2.4,Win32,60.94959469,0,3,3,16,1,47.jpg,47.wav,,,,,,,,,,,,,,,,,,,,,,,,,,,,,,
,,наташа григ,001,2023-02-05_21h20.30.690,learningnewwords,2022.2.4,Win32,60.94959469,0,4,4,9,1,27.jpg,27.wav,,,,,,,,,,,,,,,,,,,,,,,,,,,,,,
,,наташа григ,001,2023-02-05_21h20.30.690,learningnewwords,2022.2.4,Win32,60.94959469,0,5,5,13,1,37.jpg,37.wav,,,,,,,,,,,,,,,,,,,,,,,,,,,,,,
,,наташа григ,001,2023-02-05_21h20.30.690,learningnewwords,2022.2.4,Win32,60.94959469,0,6,6,5,1,15.jpg,15.wav,,,,,,,,,,,,,,,,,,,,,,,,,,,,,,
,,наташа григ,001,2023-02-05_21h20.30.690,learningnewwords,2022.2.4,Win32,60.94959469,0,7,7,17,1,49.jpg,49.wav,,,,,,,,,,,,,,,,,,,,,,,,,,,,,,
,,наташа григ,001,2023-02-05_21h20.30.690,learningnewwords,2022.2.4,Win32,60.94959469,0,8,8,0,1,2.jpg,2.wav,,,,,,,,,,,,,,,,,,,,,,,,,,,,,,
,,наташа григ,001,2023-02-05_21h20.30.690,learningnewwords,2022.2.4,Win32,60.94959469,0,9,9,14,1,42.jpg,42.wav,,,,,,,,,,,,,,,,,,,,,,,,,,,,,,
,,наташа григ,001,2023-02-05_21h20.30.690,learningnewwords,2022.2.4,Win32,60.94959469,0,10,10,12,1,35.jpg,35.wav,,,,,,,,,,,,,,,,,,,,,,,,,,,,,,
,,наташа григ,001,2023-02-05_21h20.30.690,learningnewwords,2022.2.4,Win32,60.94959469,0,11,11,7,1,22.jpg,22.wav,,,,,,,,,,,,,,,,,,,,,,,,,,,,,,
,,наташа григ,001,2023-02-05_21h20.30.690,learningnewwords,2022.2.4,Win32,60.94959469,0,12,12,11,1,33.jpg,33.wav,,,,,,,,,,,,,,,,,,,,,,,,,,,,,,
,,наташа григ,001,2023-02-05_21h20.30.690,learningnewwords,2022.2.4,Win32,60.94959469,0,13,13,2,1,7.jpg,7.wav,,,,,,,,,,,,,,,,,,,,,,,,,,,,,,
,,наташа григ,001,2023-02-05_21h20.30.690,learningnewwords,2022.2.4,Win32,60.94959469,0,14,14,20,1,57.jpg,57.wav,,,,,,,,,,,,,,,,,,,,,,,,,,,,,,
,,наташа григ,001,2023-02-05_21h20.30.690,learningnewwords,2022.2.4,Win32,60.94959469,0,15,15,15,1,43.jpg,43.wav,,,,,,,,,,,,,,,,,,,,,,,,,,,,,,
,,наташа григ,001,2023-02-05_21h20.30.690,learningnewwords,2022.2.4,Win32,60.94959469,0,16,16,8,1,24.jpg,24.wav,,,,,,,,,,,,,,,,,,,,,,,,,,,,,,
,,наташа григ,001,2023-02-05_21h20.30.690,learningnewwords,2022.2.4,Win32,60.94959469,0,17,17,4,1,14.jpg,14.wav,,,,,,,,,,,,,,,,,,,,,,,,,,,,,,
,,наташа григ,001,2023-02-05_21h20.30.690,learningnewwords,2022.2.4,Win32,60.94959469,0,18,18,18,1,54.jpg,54.wav,,,,,,,,,,,,,,,,,,,,,,,,,,,,,,
,,наташа григ,001,2023-02-05_21h20.30.690,learningnewwords,2022.2.4,Win32,60.94959469,0,19,19,1,1,4.jpg,4.wav,,,,,,,,,,,,,,,,,,,,,,,,,,,,,,
,,наташа григ,001,2023-02-05_21h20.30.690,learningnewwords,2022.2.4,Win32,60.94959469,0,20,20,10,1,29.jpg,29.wav,,,,,,,,,,,,,,,,,,,,,,,,,,,,,,
,,наташа григ,001,2023-02-05_21h20.30.690,learningnewwords,2022.2.4,Win32,60.94959469,,,,,,,,space,3.5276,0,0,0,0,1,,,,,,,,,,,,,,,,,,,,,,,
,,наташа григ,001,2023-02-05_21h20.30.690,learningnewwords,2022.2.4,Win32,60.94959469,0,0,0,12,1,35.jpg,35.wav,,,,,,,,,,,,,,,,,,,,,,,,,,,,,,
,,наташа григ,001,2023-02-05_21h20.30.690,learningnewwords,2022.2.4,Win32,60.94959469,0,1,1,13,1,37.jpg,37.wav,,,,,,,,,,,,,,,,,,,,,,,,,,,,,,
,,наташа григ,001,2023-02-05_21h20.30.690,learningnewwords,2022.2.4,Win32,60.94959469,0,2,2,6,1,18.jpg,18.wav,,,,,,,,,,,,,,,,,,,,,,,,,,,,,,
,,наташа григ,001,2023-02-05_21h20.30.690,learningnewwords,2022.2.4,Win32,60.94959469,0,3,3,4,1,14.jpg,14.wav,,,,,,,,,,,,,,,,,,,,,,,,,,,,,,
,,наташа григ,001,2023-02-05_21h20.30.690,learningnewwords,2022.2.4,Win32,60.94959469,0,4,4,11,1,33.jpg,33.wav,,,,,,,,,,,,,,,,,,,,,,,,,,,,,,
,,наташа григ,001,2023-02-05_21h20.30.690,learningnewwords,2022.2.4,Win32,60.94959469,0,5,5,10,1,29.jpg,29.wav,,,,,,,,,,,,,,,,,,,,,,,,,,,,,,
,,наташа григ,001,2023-02-05_21h20.30.690,learningnewwords,2022.2.4,Win32,60.94959469,0,6,6,20,1,57.jpg,57.wav,,,,,,,,,,,,,,,,,,,,,,,,,,,,,,
,,наташа григ,001,2023-02-05_21h20.30.690,learningnewwords,2022.2.4,Win32,60.94959469,0,7,7,5,1,15.jpg,15.wav,,,,,,,,,,,,,,,,,,,,,,,,,,,,,,
,,наташа григ,001,2023-02-05_21h20.30.690,learningnewwords,2022.2.4,Win32,60.94959469,0,8,8,3,1,9.jpg,9.wav,,,,,,,,,,,,,,,,,,,,,,,,,,,,,,
,,наташа григ,001,2023-02-05_21h20.30.690,learningnewwords,2022.2.4,Win32,60.94959469,0,9,9,15,1,43.jpg,43.wav,,,,,,,,,,,,,,,,,,,,,,,,,,,,,,
,,наташа григ,001,2023-02-05_21h20.30.690,learningnewwords,2022.2.4,Win32,60.94959469,0,10,10,7,1,22.jpg,22.wav,,,,,,,,,,,,,,,,,,,,,,,,,,,,,,
,,наташа григ,001,2023-02-05_21h20.30.690,learningnewwords,2022.2.4,Win32,60.94959469,0,11,11,2,1,7.jpg,7.wav,,,,,,,,,,,,,,,,,,,,,,,,,,,,,,
,,наташа григ,001,2023-02-05_21h20.30.690,learningnewwords,2022.2.4,Win32,60.94959469,0,12,12,0,1,2.jpg,2.wav,,,,,,,,,,,,,,,,,,,,,,,,,,,,,,
,,наташа григ,001,2023-02-05_21h20.30.690,learningnewwords,2022.2.4,Win32,60.94959469,0,13,13,16,1,47.jpg,47.wav,,,,,,,,,,,,,,,,,,,,,,,,,,,,,,
,,наташа григ,001,2023-02-05_21h20.30.690,learningnewwords,2022.2.4,Win32,60.94959469,0,14,14,9,1,27.jpg,27.wav,,,,,,,,,,,,,,,,,,,,,,,,,,,,,,
,,наташа григ,001,2023-02-05_21h20.30.690,learningnewwords,2022.2.4,Win32,60.94959469,0,15,15,1,1,4.jpg,4.wav,,,,,,,,,,,,,,,,,,,,,,,,,,,,,,
,,наташа григ,001,2023-02-05_21h20.30.690,learningnewwords,2022.2.4,Win32,60.94959469,0,16,16,18,1,54.jpg,54.wav,,,,,,,,,,,,,,,,,,,,,,,,,,,,,,
,,наташа григ,001,2023-02-05_21h20.30.690,learningnewwords,2022.2.4,Win32,60.94959469,0,17,17,19,1,55.jpg,55.wav,,,,,,,,,,,,,,,,,,,,,,,,,,,,,,
,,наташа григ,001,2023-02-05_21h20.30.690,learningnewwords,2022.2.4,Win32,60.94959469,0,18,18,14,1,42.jpg,42.wav,,,,,,,,,,,,,,,,,,,,,,,,,,,,,,
,,наташа григ,001,2023-02-05_21h20.30.690,learningnewwords,2022.2.4,Win32,60.94959469,0,19,19,8,1,24.jpg,24.wav,,,,,,,,,,,,,,,,,,,,,,,,,,,,,,
,,наташа григ,001,2023-02-05_21h20.30.690,learningnewwords,2022.2.4,Win32,60.94959469,0,20,20,17,1,49.jpg,49.wav,,,,,,,,,,,,,,,,,,,,,,,,,,,,,,
,,наташа григ,001,2023-02-05_21h20.30.690,learningnewwords,2022.2.4,Win32,60.94959469,,,,,,,,space,3.4002,1,0,1,0,1,,,,,,,,,,,,,,,,,,,,,,,
,,наташа григ,001,2023-02-05_21h20.30.690,learningnewwords,2022.2.4,Win32,60.94959469,0,0,0,8,1,24.jpg,24.wav,,,,,,,,,,,,,,,,,,,,,,,,,,,,,,
,,наташа григ,001,2023-02-05_21h20.30.690,learningnewwords,2022.2.4,Win32,60.94959469,0,1,1,6,1,18.jpg,18.wav,,,,,,,,,,,,,,,,,,,,,,,,,,,,,,
,,наташа григ,001,2023-02-05_21h20.30.690,learningnewwords,2022.2.4,Win32,60.94959469,0,2,2,9,1,27.jpg,27.wav,,,,,,,,,,,,,,,,,,,,,,,,,,,,,,
,,наташа григ,001,2023-02-05_21h20.30.690,learningnewwords,2022.2.4,Win32,60.94959469,0,3,3,16,1,47.jpg,47.wav,,,,,,,,,,,,,,,,,,,,,,,,,,,,,,
,,наташа григ,001,2023-02-05_21h20.30.690,learningnewwords,2022.2.4,Win32,60.94959469,0,4,4,17,1,49.jpg,49.wav,,,,,,,,,,,,,,,,,,,,,,,,,,,,,,
,,наташа григ,001,2023-02-05_21h20.30.690,learningnewwords,2022.2.4,Win32,60.94959469,0,5,5,5,1,15.jpg,15.wav,,,,,,,,,,,,,,,,,,,,,,,,,,,,,,
,,наташа григ,001,2023-02-05_21h20.30.690,learningnewwords,2022.2.4,Win32,60.94959469,0,6,6,18,1,54.jpg,54.wav,,,,,,,,,,,,,,,,,,,,,,,,,,,,,,
,,наташа григ,001,2023-02-05_21h20.30.690,learningnewwords,2022.2.4,Win32,60.94959469,0,7,7,4,1,14.jpg,14.wav,,,,,,,,,,,,,,,,,,,,,,,,,,,,,,
,,наташа григ,001,2023-02-05_21h20.30.690,learningnewwords,2022.2.4,Win32,60.94959469,0,8,8,15,1,43.jpg,43.wav,,,,,,,,,,,,,,,,,,,,,,,,,,,,,,
,,наташа григ,001,2023-02-05_21h20.30.690,learningnewwords,2022.2.4,Win32,60.94959469,0,9,9,7,1,22.jpg,22.wav,,,,,,,,,,,,,,,,,,,,,,,,,,,,,,
,,наташа григ,001,2023-02-05_21h20.30.690,learningnewwords,2022.2.4,Win32,60.94959469,0,10,10,2,1,7.jpg,7.wav,,,,,,,,,,,,,,,,,,,,,,,,,,,,,,
,,наташа григ,001,2023-02-05_21h20.30.690,learningnewwords,2022.2.4,Win32,60.94959469,0,11,11,12,1,35.jpg,35.wav,,,,,,,,,,,,,,,,,,,,,,,,,,,,,,
,,наташа григ,001,2023-02-05_21h20.30.690,learningnewwords,2022.2.4,Win32,60.94959469,0,12,12,0,1,2.jpg,2.wav,,,,,,,,,,,,,,,,,,,,,,,,,,,,,,
,,наташа григ,001,2023-02-05_21h20.30.690,learningnewwords,2022.2.4,Win32,60.94959469,0,13,13,3,1,9.jpg,9.wav,,,,,,,,,,,,,,,,,,,,,,,,,,,,,,
,,наташа григ,001,2023-02-05_21h20.30.690,learningnewwords,2022.2.4,Win32,60.94959469,0,14,14,13,1,37.jpg,37.wav,,,,,,,,,,,,,,,,,,,,,,,,,,,,,,
,,наташа григ,001,2023-02-05_21h20.30.690,learningnewwords,2022.2.4,Win32,60.94959469,0,15,15,14,1,42.jpg,42.wav,,,,,,,,,,,,,,,,,,,,,,,,,,,,,,
,,наташа григ,001,2023-02-05_21h20.30.690,learningnewwords,2022.2.4,Win32,60.94959469,0,16,16,10,1,29.jpg,29.wav,,,,,,,,,,,,,,,,,,,,,,,,,,,,,,
,,наташа григ,001,2023-02-05_21h20.30.690,learningnewwords,2022.2.4,Win32,60.94959469,0,17,17,20,1,57.jpg,57.wav,,,,,,,,,,,,,,,,,,,,,,,,,,,,,,
,,наташа григ,001,2023-02-05_21h20.30.690,learningnewwords,2022.2.4,Win32,60.94959469,0,18,18,11,1,33.jpg,33.wav,,,,,,,,,,,,,,,,,,,,,,,,,,,,,,
,,наташа григ,001,2023-02-05_21h20.30.690,learningnewwords,2022.2.4,Win32,60.94959469,0,19,19,1,1,4.jpg,4.wav,,,,,,,,,,,,,,,,,,,,,,,,,,,,,,
,,наташа григ,001,2023-02-05_21h20.30.690,learningnewwords,2022.2.4,Win32,60.94959469,0,20,20,19,1,55.jpg,55.wav,,,,,,,,,,,,,,,,,,,,,,,,,,,,,,
,,наташа григ,001,2023-02-05_21h20.30.690,learningnewwords,2022.2.4,Win32,60.94959469,,,,,,,,space,4.6998,2,0,2,0,1,,,,,,,,,,,,,,,,,,,,,,,
,,наташа григ,001,2023-02-05_21h20.30.690,learningnewwords,2022.2.4,Win32,60.94959469,0,0,0,7,1,22.jpg,22.wav,,,,,,,,,,,,,,,,,,,,,,,,,,,,,,
,,наташа григ,001,2023-02-05_21h20.30.690,learningnewwords,2022.2.4,Win32,60.94959469,0,1,1,6,1,18.jpg,18.wav,,,,,,,,,,,,,,,,,,,,,,,,,,,,,,
,,наташа григ,001,2023-02-05_21h20.30.690,learningnewwords,2022.2.4,Win32,60.94959469,0,2,2,10,1,29.jpg,29.wav,,,,,,,,,,,,,,,,,,,,,,,,,,,,,,
,,наташа григ,001,2023-02-05_21h20.30.690,learningnewwords,2022.2.4,Win32,60.94959469,0,3,3,18,1,54.jpg,54.wav,,,,,,,,,,,,,,,,,,,,,,,,,,,,,,
,,наташа григ,001,2023-02-05_21h20.30.690,learningnewwords,2022.2.4,Win32,60.94959469,0,4,4,8,1,24.jpg,24.wav,,,,,,,,,,,,,,,,,,,,,,,,,,,,,,
,,наташа григ,001,2023-02-05_21h20.30.690,learningnewwords,2022.2.4,Win32,60.94959469,0,5,5,20,1,57.jpg,57.wav,,,,,,,,,,,,,,,,,,,,,,,,,,,,,,
,,наташа григ,001,2023-02-05_21h20.30.690,learningnewwords,2022.2.4,Win32,60.94959469,0,6,6,5,1,15.jpg,15.wav,,,,,,,,,,,,,,,,,,,,,,,,,,,,,,
,,наташа григ,001,2023-02-05_21h20.30.690,learningnewwords,2022.2.4,Win32,60.94959469,0,7,7,9,1,27.jpg,27.wav,,,,,,,,,,,,,,,,,,,,,,,,,,,,,,
,,наташа григ,001,2023-02-05_21h20.30.690,learningnewwords,2022.2.4,Win32,60.94959469,0,8,8,0,1,2.jpg,2.wav,,,,,,,,,,,,,,,,,,,,,,,,,,,,,,
,,наташа григ,001,2023-02-05_21h20.30.690,learningnewwords,2022.2.4,Win32,60.94959469,0,9,9,2,1,7.jpg,7.wav,,,,,,,,,,,,,,,,,,,,,,,,,,,,,,
,,наташа григ,001,2023-02-05_21h20.30.690,learningnewwords,2022.2.4,Win32,60.94959469,0,10,10,15,1,43.jpg,43.wav,,,,,,,,,,,,,,,,,,,,,,,,,,,,,,
,,наташа григ,001,2023-02-05_21h20.30.690,learningnewwords,2022.2.4,Win32,60.94959469,0,11,11,3,1,9.jpg,9.wav,,,,,,,,,,,,,,,,,,,,,,,,,,,,,,
,,наташа григ,001,2023-02-05_21h20.30.690,learningnewwords,2022.2.4,Win32,60.94959469,0,12,12,4,1,14.jpg,14.wav,,,,,,,,,,,,,,,,,,,,,,,,,,,,,,
,,наташа григ,001,2023-02-05_21h20.30.690,learningnewwords,2022.2.4,Win32,60.94959469,0,13,13,19,1,55.jpg,55.wav,,,,,,,,,,,,,,,,,,,,,,,,,,,,,,
,,наташа григ,001,2023-02-05_21h20.30.690,learningnewwords,2022.2.4,Win32,60.94959469,0,14,14,11,1,33.jpg,33.wav,,,,,,,,,,,,,,,,,,,,,,,,,,,,,,
,,наташа григ,001,2023-02-05_21h20.30.690,learningnewwords,2022.2.4,Win32,60.94959469,0,15,15,17,1,49.jpg,49.wav,,,,,,,,,,,,,,,,,,,,,,,,,,,,,,
,,наташа григ,001,2023-02-05_21h20.30.690,learningnewwords,2022.2.4,Win32,60.94959469,0,16,16,1,1,4.jpg,4.wav,,,,,,,,,,,,,,,,,,,,,,,,,,,,,,
,,наташа григ,001,2023-02-05_21h20.30.690,learningnewwords,2022.2.4,Win32,60.94959469,0,17,17,14,1,42.jpg,42.wav,,,,,,,,,,,,,,,,,,,,,,,,,,,,,,
,,наташа григ,001,2023-02-05_21h20.30.690,learningnewwords,2022.2.4,Win32,60.94959469,0,18,18,16,1,47.jpg,47.wav,,,,,,,,,,,,,,,,,,,,,,,,,,,,,,
,,наташа григ,001,2023-02-05_21h20.30.690,learningnewwords,2022.2.4,Win32,60.94959469,0,19,19,12,1,35.jpg,35.wav,,,,,,,,,,,,,,,,,,,,,,,,,,,,,,
,,наташа григ,001,2023-02-05_21h20.30.690,learningnewwords,2022.2.4,Win32,60.94959469,0,20,20,13,1,37.jpg,37.wav,,,,,,,,,,,,,,,,,,,,,,,,,,,,,,
,,наташа григ,001,2023-02-05_21h20.30.690,learningnewwords,2022.2.4,Win32,60.94959469,,,,,,,,space,2.8372,3,0,3,0,1,,,,,,,,,,,,,,,,,,,,,,,
,,наташа григ,001,2023-02-05_21h20.30.690,learningnewwords,2022.2.4,Win32,60.94959469,0,0,0,11,1,33.jpg,33.wav,,,,,,,,,,,,,,,,,,,,,,,,,,,,,,
,,наташа григ,001,2023-02-05_21h20.30.690,learningnewwords,2022.2.4,Win32,60.94959469,0,1,1,9,1,27.jpg,27.wav,,,,,,,,,,,,,,,,,,,,,,,,,,,,,,
,,наташа григ,001,2023-02-05_21h20.30.690,learningnewwords,2022.2.4,Win32,60.94959469,0,2,2,20,1,57.jpg,57.wav,,,,,,,,,,,,,,,,,,,,,,,,,,,,,,
,,наташа григ,001,2023-02-05_21h20.30.690,learningnewwords,2022.2.4,Win32,60.94959469,0,3,3,1,1,4.jpg,4.wav,,,,,,,,,,,,,,,,,,,,,,,,,,,,,,
,,наташа григ,001,2023-02-05_21h20.30.690,learningnewwords,2022.2.4,Win32,60.94959469,0,4,4,12,1,35.jpg,35.wav,,,,,,,,,,,,,,,,,,,,,,,,,,,,,,
,,наташа григ,001,2023-02-05_21h20.30.690,learningnewwords,2022.2.4,Win32,60.94959469,0,5,5,13,1,37.jpg,37.wav,,,,,,,,,,,,,,,,,,,,,,,,,,,,,,
,,наташа григ,001,2023-02-05_21h20.30.690,learningnewwords,2022.2.4,Win32,60.94959469,0,6,6,3,1,9.jpg,9.wav,,,,,,,,,,,,,,,,,,,,,,,,,,,,,,
,,наташа григ,001,2023-02-05_21h20.30.690,learningnewwords,2022.2.4,Win32,60.94959469,0,7,7,2,1,7.jpg,7.wav,,,,,,,,,,,,,,,,,,,,,,,,,,,,,,
,,наташа григ,001,2023-02-05_21h20.30.690,learningnewwords,2022.2.4,Win32,60.94959469,0,8,8,17,1,49.jpg,49.wav,,,,,,,,,,,,,,,,,,,,,,,,,,,,,,
,,наташа григ,001,2023-02-05_21h20.30.690,learningnewwords,2022.2.4,Win32,60.94959469,0,9,9,4,1,14.jpg,14.wav,,,,,,,,,,,,,,,,,,,,,,,,,,,,,,
,,наташа григ,001,2023-02-05_21h20.30.690,learningnewwords,2022.2.4,Win32,60.94959469,0,10,10,15,1,43.jpg,43.wav,,,,,,,,,,,,,,,,,,,,,,,,,,,,,,
,,наташа григ,001,2023-02-05_21h20.30.690,learningnewwords,2022.2.4,Win32,60.94959469,0,11,11,5,1,15.jpg,15.wav,,,,,,,,,,,,,,,,,,,,,,,,,,,,,,
,,наташа григ,001,2023-02-05_21h20.30.690,learningnewwords,2022.2.4,Win32,60.94959469,0,12,12,16,1,47.jpg,47.wav,,,,,,,,,,,,,,,,,,,,,,,,,,,,,,
,,наташа григ,001,2023-02-05_21h20.30.690,learningnewwords,2022.2.4,Win32,60.94959469,0,13,13,14,1,42.jpg,42.wav,,,,,,,,,,,,,,,,,,,,,,,,,,,,,,
,,наташа григ,001,2023-02-05_21h20.30.690,learningnewwords,2022.2.4,Win32,60.94959469,0,14,14,8,1,24.jpg,24.wav,,,,,,,,,,,,,,,,,,,,,,,,,,,,,,
,,наташа григ,001,2023-02-05_21h20.30.690,learningnewwords,2022.2.4,Win32,60.94959469,0,15,15,6,1,18.jpg,18.wav,,,,,,,,,,,,,,,,,,,,,,,,,,,,,,
,,наташа григ,001,2023-02-05_21h20.30.690,learningnewwords,2022.2.4,Win32,60.94959469,0,16,16,0,1,2.jpg,2.wav,,,,,,,,,,,,,,,,,,,,,,,,,,,,,,
,,наташа григ,001,2023-02-05_21h20.30.690,learningnewwords,2022.2.4,Win32,60.94959469,0,17,17,19,1,55.jpg,55.wav,,,,,,,,,,,,,,,,,,,,,,,,,,,,,,
,,наташа григ,001,2023-02-05_21h20.30.690,learningnewwords,2022.2.4,Win32,60.94959469,0,18,18,18,1,54.jpg,54.wav,,,,,,,,,,,,,,,,,,,,,,,,,,,,,,
,,наташа григ,001,2023-02-05_21h20.30.690,learningnewwords,2022.2.4,Win32,60.94959469,0,19,19,10,1,29.jpg,29.wav,,,,,,,,,,,,,,,,,,,,,,,,,,,,,,
,,наташа григ,001,2023-02-05_21h20.30.690,learningnewwords,2022.2.4,Win32,60.94959469,0,20,20,7,1,22.jpg,22.wav,,,,,,,,,,,,,,,,,,,,,,,,,,,,,,
,,наташа григ,001,2023-02-05_21h20.30.690,learningnewwords,2022.2.4,Win32,60.94959469,,,,,,,,space,4.3639,4,0,4,0,1,,,,,,,,,,,,,,,,,,,,,,,
,,наташа григ,001,2023-02-05_21h20.30.690,learningnewwords,2022.2.4,Win32,60.94959469,,,,,,,,,,,,,,,space,49.8909,,,,,,,,,,,,,,,,,,,,,
,,наташа григ,001,2023-02-05_21h20.30.690,learningnewwords,2022.2.4,Win32,60.94959469,,,,,,,,,,,,,,,,,2,1,6.741, ,0.222222222,-0.412222222,1,0,0,9.4896,end,0,0,0,32,1,new27.jpg,n27.wav,2,-,-
,,наташа григ,001,2023-02-05_21h20.30.690,learningnewwords,2022.2.4,Win32,60.94959469,,,,,,,,,,,,,,,,,2,1,3.771,,0.107777778,-0.402222222,1,0,0,1.3277,end,0,1,1,33,1,new34.jpg,n34.wav,2,-,-
,,наташа григ,001,2023-02-05_21h20.30.690,learningnewwords,2022.2.4,Win32,60.94959469,,,,,,,,,,,,,,,,,2,1,2.2836,,0.107777778,-0.401111111,1,0,0,0.643,end,0,2,2,41,1,new57.jpg,n57.wav,2,-,0
,,наташа григ,001,2023-02-05_21h20.30.690,learningnewwords,2022.2.4,Win32,60.94959469,,,,,,,,,,,,,,,,,1,1,2.8371,,-0.04,-0.216666667,1,0,0,6.456,end,0,3,3,10,1,old29.jpg,29.wav,1,doorhand,-
,,наташа григ,001,2023-02-05_21h20.30.690,learningnewwords,2022.2.4,Win32,60.94959469,,,,,,,,,,,,,,,,,2,1,2.2195,,0.067777778,-0.407777778,1,0,0,2.145,end,0,4,4,25,1,new7.jpg,n7.wav,2,-,+
,,наташа григ,001,2023-02-05_21h20.30.690,learningnewwords,2022.2.4,Win32,60.94959469,,,,,,,,,,,,,,,,,1,1,2.1996,,0.056666667,-0.403333333,1,0,0,8.9863,end,0,5,5,7,1,old22.jpg,22.wav,1,skalka,-
,,наташа григ,001,2023-02-05_21h20.30.690,learningnewwords,2022.2.4,Win32,60.94959469,,,,,,,,,,,,,,,,,1,1,2.0169,,-0.14,0.223333333,1,0,0,4.3898,end,0,6,6,1,1,old4.jpg,4.wav,1,bike,+
,,наташа григ,001,2023-02-05_21h20.30.690,learningnewwords,2022.2.4,Win32,60.94959469,,,,,,,,,,,,,,,,,1,1,1.609,,0.221111111,-0.4,1,0,0,2.0421,end,0,7,7,18,1,old54.jpg,54.wav,1,linear,0
,,наташа григ,001,2023-02-05_21h20.30.690,learningnewwords,2022.2.4,Win32,60.94959469,,,,,,,,,,,,,,,,,1,1,1.5725,,0.182222222,-0.402222222,1,0,0,2.7738,end,0,8,8,0,1,old2.jpg,2.wav,1,gloves,+
,,наташа григ,001,2023-02-05_21h20.30.690,learningnewwords,2022.2.4,Win32,60.94959469,,,,,,,,,,,,,,,,,1,1,1.5662,,0.171111111,-0.406666667,1,0,0,1.2926,end,0,9,9,20,1,old57.jpg,57.wav,1,traffic,0
,,наташа григ,001,2023-02-05_21h20.30.690,learningnewwords,2022.2.4,Win32,60.94959469,,,,,,,,,,,,,,,,,2,1,2.5492,,0.17,-0.407777778,1,0,0,0.8101,end,0,10,10,28,1,new21.jpg,n21.wav,2,-,-
,,наташа григ,001,2023-02-05_21h20.30.690,learningnewwords,2022.2.4,Win32,60.94959469,,,,,,,,,,,,,,,,,2,1,1.874,,0.166666667,-0.408888889,1,0,0,0.7092,end,0,11,11,36,1,new42.jpg,n42.wav,2,-,0
,,наташа григ,001,2023-02-05_21h20.30.690,learningnewwords,2022.2.4,Win32,60.94959469,,,,,,,,,,,,,,,,,2,1,1.7839,,0.165555556,-0.408888889,1,0,0,0.7433,end,0,12,12,23,1,new4.jpg,n4.wav,2,-,+
,,наташа григ,001,2023-02-05_21h20.30.690,learningnewwords,2022.2.4,Win32,60.94959469,,,,,,,,,,,,,,,,,2,1,1.7776,,0.165555556,-0.408888889,1,0,0,0.5752,end,0,13,13,30,1,new24.jpg,n24.wav,2,-,-
,,наташа григ,001,2023-02-05_21h20.30.690,learningnewwords,2022.2.4,Win32,60.94959469,,,,,,,,,,,,,,,,,2,1,1.6383,,0.165555556,-0.408888889,1,0,0,0.7099,end,0,14,14,40,1,new54.jpg,n54.wav,2,-,0
,,наташа григ,001,2023-02-05_21h20.30.690,learningnewwords,2022.2.4,Win32,60.94959469,,,,,,,,,,,,,,,,,1,1,1.5238,,0.161111111,-0.41,1,0,0,1.4463,end,0,15,15,3,1,old9.jpg,9.wav,1,arm,+
,,наташа григ,001,2023-02-05_21h20.30.690,learningnewwords,2022.2.4,Win32,60.94959469,,,,,,,,,,,,,,,,,2,0,1.6977,,0.161111111,-0.41,1,0,0,0.5949,end,0,16,16,6,1,old18.jpg,18.wav,1,sofa,+
,,наташа григ,001,2023-02-05_21h20.30.690,learningnewwords,2022.2.4,Win32,60.94959469,,,,,,,,,,,,,,,,,1,1,1.5736,,0.161111111,-0.41,1,0,0,0.811,end,0,17,17,2,1,old7.jpg,7.wav,1,bag,+
,,наташа григ,001,2023-02-05_21h20.30.690,learningnewwords,2022.2.4,Win32,60.94959469,,,,,,,,,,,,,,,,,2,1,1.5236,,0.16,-0.411111111,1,0,0,0.8445,end,0,18,18,27,1,new17.jpg,n17.wav,2,-,+
,,наташа григ,001,2023-02-05_21h20.30.690,learningnewwords,2022.2.4,Win32,60.94959469,,,,,,,,,,,,,,,,,2,1,1.5024,,0.158888889,-0.411111111,1,0,0,0.6106,end,0,19,19,34,1,new37.jpg,n37.wav,2,-,-
,,наташа григ,001,2023-02-05_21h20.30.690,learningnewwords,2022.2.4,Win32,60.94959469,,,,,,,,,,,,,,,,,1,0,1.7351,,0.158888889,-0.411111111,1,0,0,0.7433,end,0,20,20,29,1,new22.jpg,n22.wav,2,-,-
,,наташа григ,001,2023-02-05_21h20.30.690,learningnewwords,2022.2.4,Win32,60.94959469,,,,,,,,,,,,,,,,,1,0,1.5183,,0.157777778,-0.411111111,1,0,0,2.8748,end,0,21,21,35,1,new41.jpg,n41.wav,2,-,0
,,наташа григ,001,2023-02-05_21h20.30.690,learningnewwords,2022.2.4,Win32,60.94959469,,,,,,,,,,,,,,,,,2,1,7.6544,,0.156666667,-0.412222222,1,0,0,1.5586,end,0,22,22,38,1,new46.jpg,n46.wav,2,-,0
,,наташа григ,001,2023-02-05_21h20.30.690,learningnewwords,2022.2.4,Win32,60.94959469,,,,,,,,,,,,,,,,,2,1,1.4745,,0.156666667,-0.412222222,1,0,0,0.9767,end,0,23,23,31,1,new26.jpg,n26.wav,2,-,-
,,наташа григ,001,2023-02-05_21h20.30.690,learningnewwords,2022.2.4,Win32,60.94959469,,,,,,,,,,,,,,,,,2,0,1.519,,0.156666667,-0.412222222,1,0,0,0.7934,end,0,24,24,19,1,old55.jpg,55.wav,1,stakan,0
,,наташа григ,001,2023-02-05_21h20.30.690,learningnewwords,2022.2.4,Win32,60.94959469,,,,,,,,,,,,,,,,,1,1,1.4017,,0.156666667,-0.412222222,1,0,0,1.7432,end,0,25,25,16,1,old47.jpg,47.wav,1,guitar,0
,,наташа григ,001,2023-02-05_21h20.30.690,learningnewwords,2022.2.4,Win32,60.94959469,,,,,,,,,,,,,,,,,1,1,3.6992,,0.22,-0.412222222,1,0,0,1.741,end,0,26,26,9,1,old27.jpg,27.wav,1,ring,-
,,наташа григ,001,2023-02-05_21h20.30.690,learningnewwords,2022.2.4,Win32,60.94959469,,,,,,,,,,,,,,,,,2,1,5.9092,,0.195555556,-0.412222222,1,0,0,0.9582,end,0,27,27,39,1,new48.jpg,n48.wav,2,-,0
,,наташа григ,001,2023-02-05_21h20.30.690,learningnewwords,2022.2.4,Win32,60.94959469,,,,,,,,,,,,,,,,,2,1,3.3031,,0.191111111,-0.412222222,1,0,0,0.8112,end,0,28,28,37,1,new44.jpg,n44.wav,2,-,0
,,наташа григ,001,2023-02-05_21h20.30.690,learningnewwords,2022.2.4,Win32,60.94959469,,,,,,,,,,,,,,,,,2,1,3.0184,,0.231111111,-0.417777778,1,0,0,1.0765,end,0,29,29,26,1,new13.jpg,n13.wav,2,-,+
,,наташа григ,001,2023-02-05_21h20.30.690,learningnewwords,2022.2.4,Win32,60.94959469,,,,,,,,,,,,,,,,,2,1,1.3583,,0.224444444,-0.416666667,1,0,0,0.7429,end,0,30,30,24,1,new6.jpg,n6.wav,2,-,+
,,наташа григ,001,2023-02-05_21h20.30.690,learningnewwords,2022.2.4,Win32,60.94959469,,,,,,,,,,,,,,,,,1,1,1.3049,,0.218888889,-0.402222222,1,0,0,1.0265,end,0,31,31,13,1,old37.jpg,37.wav,1,stoll,-
,,наташа григ,001,2023-02-05_21h20.30.690,learningnewwords,2022.2.4,Win32,60.94959469,,,,,,,,,,,,,,,,,1,1,1.2751,,0.218888889,-0.402222222,1,0,0,0.7635,end,0,32,32,12,1,old35.jpg,35.wav,1,umbrella,-
,,наташа григ,001,2023-02-05_21h20.30.690,learningnewwords,2022.2.4,Win32,60.94959469,,,,,,,,,,,,,,,,,1,1,1.1549,,0.218888889,-0.402222222,1,0,0,0.6793,end,0,33,33,17,1,old49.jpg,49.wav,1,snail,0
,,наташа григ,001,2023-02-05_21h20.30.690,learningnewwords,2022.2.4,Win32,60.94959469,,,,,,,,,,,,,,,,,1,1,1.1029,,0.218888889,-0.402222222,1,0,0,0.5593,end,0,34,34,15,1,old43.jpg,43.wav,1,sheet,0
,,наташа григ,001,2023-02-05_21h20.30.690,learningnewwords,2022.2.4,Win32,60.94959469,,,,,,,,,,,,,,,,,1,1,1.1366,,0.218888889,-0.402222222,1,0,0,0.5453,end,0,35,35,8,1,old24.jpg,24.wav,1,nose,-
,,наташа григ,001,2023-02-05_21h20.30.690,learningnewwords,2022.2.4,Win32,60.94959469,,,,,,,,,,,,,,,,,2,1,2.0161,,0.218888889,-0.402222222,1,0,0,0.7295,end,0,36,36,22,1,new2.jpg,n2.wav,2,-,+
,,наташа григ,001,2023-02-05_21h20.30.690,learningnewwords,2022.2.4,Win32,60.94959469,,,,,,,,,,,,,,,,,1,1,2.3994,,0.218888889,-0.401111111,1,0,0,0.5933,end,0,37,37,4,1,old14.jpg,14.wav,1,skovoroda,+
,,наташа григ,001,2023-02-05_21h20.30.690,learningnewwords,2022.2.4,Win32,60.94959469,,,,,,,,,,,,,,,,,2,0,2.8989,,0.218888889,-0.401111111,1,0,0,0.5461,end,0,38,38,11,1,old33.jpg,33.wav,1,varezhka,-
,,наташа григ,001,2023-02-05_21h20.30.690,learningnewwords,2022.2.4,Win32,60.94959469,,,,,,,,,,,,,,,,,2,0,1.1078,,0.218888889,-0.401111111,1,0,0,0.3776,end,0,39,39,14,1,old42.jpg,42.wav,1,car,0
,,наташа григ,001,2023-02-05_21h20.30.690,learningnewwords,2022.2.4,Win32,60.94959469,,,,,,,,,,,,,,,,,2,1,0.7352,,0.218888889,-0.401111111,1,0,0,0.5277,end,0,40,40,21,1,new1.jpg,n1.wav,2,-,+
,,наташа григ,001,2023-02-05_21h20.30.690,learningnewwords,2022.2.4,Win32,60.94959469,,,,,,,,,,,,,,,,,1,1,2.6866,,0.218888889,-0.401111111,1,0,0,0.6437,end,0,41,41,5,1,old15.jpg,15.wav,1,gruzovik,+
