﻿key_resp.keys,key_resp.rt,participant,session,date,expName,psychopyVersion,OS,frameRate,trials.thisRepN,trials.thisTrialN,trials.thisN,trials.thisIndex,trials.ran,img,audio,key_resp_4.keys,trials_2.thisRepN,trials_2.thisTrialN,trials_2.thisN,trials_2.thisIndex,trials_2.ran,key_resp_2.keys,key_resp_2.rt,key_resp_3.keys,key_resp_3.corr,key_resp_3.rt,textbox.text,mouse.x,mouse.y,mouse.leftButton,mouse.midButton,mouse.rightButton,mouse.time,mouse.clicked_name,trials_3.thisRepN,trials_3.thisTrialN,trials_3.thisN,trials_3.thisIndex,trials_3.ran,im,aud,key,what,q
space,18.4466,Афонина Анастасия,001,2023-02-07_19h55.19.167,learningnewwords,2022.2.4,Win32,7.500581295,,,,,,,,,,,,,,,,,,,,,,,,,,,,,,,,,,,,
,,Афонина Анастасия,001,2023-02-07_19h55.19.167,learningnewwords,2022.2.4,Win32,7.500581295,0,0,0,17,1,49.jpg,49.wav,,,,,,,,,,,,,,,,,,,,,,,,,,,,,
,,Афонина Анастасия,001,2023-02-07_19h55.19.167,learningnewwords,2022.2.4,Win32,7.500581295,0,1,1,0,1,2.jpg,2.wav,,,,,,,,,,,,,,,,,,,,,,,,,,,,,
,,Афонина Анастасия,001,2023-02-07_19h55.19.167,learningnewwords,2022.2.4,Win32,7.500581295,0,2,2,2,1,7.jpg,7.wav,,,,,,,,,,,,,,,,,,,,,,,,,,,,,
,,Афонина Анастасия,001,2023-02-07_19h55.19.167,learningnewwords,2022.2.4,Win32,7.500581295,0,3,3,10,1,29.jpg,29.wav,,,,,,,,,,,,,,,,,,,,,,,,,,,,,
,,Афонина Анастасия,001,2023-02-07_19h55.19.167,learningnewwords,2022.2.4,Win32,7.500581295,0,4,4,20,1,57.jpg,57.wav,,,,,,,,,,,,,,,,,,,,,,,,,,,,,
,,Афонина Анастасия,001,2023-02-07_19h55.19.167,learningnewwords,2022.2.4,Win32,7.500581295,0,5,5,16,1,47.jpg,47.wav,,,,,,,,,,,,,,,,,,,,,,,,,,,,,
,,Афонина Анастасия,001,2023-02-07_19h55.19.167,learningnewwords,2022.2.4,Win32,7.500581295,0,6,6,6,1,18.jpg,18.wav,,,,,,,,,,,,,,,,,,,,,,,,,,,,,
,,Афонина Анастасия,001,2023-02-07_19h55.19.167,learningnewwords,2022.2.4,Win32,7.500581295,0,7,7,7,1,22.jpg,22.wav,,,,,,,,,,,,,,,,,,,,,,,,,,,,,
,,Афонина Анастасия,001,2023-02-07_19h55.19.167,learningnewwords,2022.2.4,Win32,7.500581295,0,8,8,12,1,35.jpg,35.wav,,,,,,,,,,,,,,,,,,,,,,,,,,,,,
,,Афонина Анастасия,001,2023-02-07_19h55.19.167,learningnewwords,2022.2.4,Win32,7.500581295,0,9,9,1,1,4.jpg,4.wav,,,,,,,,,,,,,,,,,,,,,,,,,,,,,
,,Афонина Анастасия,001,2023-02-07_19h55.19.167,learningnewwords,2022.2.4,Win32,7.500581295,0,10,10,3,1,9.jpg,9.wav,,,,,,,,,,,,,,,,,,,,,,,,,,,,,
,,Афонина Анастасия,001,2023-02-07_19h55.19.167,learningnewwords,2022.2.4,Win32,7.500581295,0,11,11,9,1,27.jpg,27.wav,,,,,,,,,,,,,,,,,,,,,,,,,,,,,
,,Афонина Анастасия,001,2023-02-07_19h55.19.167,learningnewwords,2022.2.4,Win32,7.500581295,0,12,12,19,1,55.jpg,55.wav,,,,,,,,,,,,,,,,,,,,,,,,,,,,,
,,Афонина Анастасия,001,2023-02-07_19h55.19.167,learningnewwords,2022.2.4,Win32,7.500581295,0,13,13,15,1,43.jpg,43.wav,,,,,,,,,,,,,,,,,,,,,,,,,,,,,
,,Афонина Анастасия,001,2023-02-07_19h55.19.167,learningnewwords,2022.2.4,Win32,7.500581295,0,14,14,5,1,15.jpg,15.wav,,,,,,,,,,,,,,,,,,,,,,,,,,,,,
,,Афонина Анастасия,001,2023-02-07_19h55.19.167,learningnewwords,2022.2.4,Win32,7.500581295,0,15,15,13,1,37.jpg,37.wav,,,,,,,,,,,,,,,,,,,,,,,,,,,,,
,,Афонина Анастасия,001,2023-02-07_19h55.19.167,learningnewwords,2022.2.4,Win32,7.500581295,0,16,16,4,1,14.jpg,14.wav,,,,,,,,,,,,,,,,,,,,,,,,,,,,,
,,Афонина Анастасия,001,2023-02-07_19h55.19.167,learningnewwords,2022.2.4,Win32,7.500581295,0,17,17,18,1,54.jpg,54.wav,,,,,,,,,,,,,,,,,,,,,,,,,,,,,
,,Афонина Анастасия,001,2023-02-07_19h55.19.167,learningnewwords,2022.2.4,Win32,7.500581295,0,18,18,14,1,42.jpg,42.wav,,,,,,,,,,,,,,,,,,,,,,,,,,,,,
,,Афонина Анастасия,001,2023-02-07_19h55.19.167,learningnewwords,2022.2.4,Win32,7.500581295,0,19,19,8,1,24.jpg,24.wav,,,,,,,,,,,,,,,,,,,,,,,,,,,,,
,,Афонина Анастасия,001,2023-02-07_19h55.19.167,learningnewwords,2022.2.4,Win32,7.500581295,0,20,20,11,1,33.jpg,33.wav,,,,,,,,,,,,,,,,,,,,,,,,,,,,,
,,Афонина Анастасия,001,2023-02-07_19h55.19.167,learningnewwords,2022.2.4,Win32,7.500581295,,,,,,,,,0,0,0,0,1,,,,,,,,,,,,,,,,,,,,,,,
,,Афонина Анастасия,001,2023-02-07_19h55.19.167,learningnewwords,2022.2.4,Win32,7.500581295,0,0,0,3,1,9.jpg,9.wav,,,,,,,,,,,,,,,,,,,,,,,,,,,,,
,,Афонина Анастасия,001,2023-02-07_19h55.19.167,learningnewwords,2022.2.4,Win32,7.500581295,0,1,1,20,1,57.jpg,57.wav,,,,,,,,,,,,,,,,,,,,,,,,,,,,,
,,Афонина Анастасия,001,2023-02-07_19h55.19.167,learningnewwords,2022.2.4,Win32,7.500581295,0,2,2,0,1,2.jpg,2.wav,,,,,,,,,,,,,,,,,,,,,,,,,,,,,
,,Афонина Анастасия,001,2023-02-07_19h55.19.167,learningnewwords,2022.2.4,Win32,7.500581295,0,3,3,18,1,54.jpg,54.wav,,,,,,,,,,,,,,,,,,,,,,,,,,,,,
,,Афонина Анастасия,001,2023-02-07_19h55.19.167,learningnewwords,2022.2.4,Win32,7.500581295,0,4,4,10,1,29.jpg,29.wav,,,,,,,,,,,,,,,,,,,,,,,,,,,,,
,,Афонина Анастасия,001,2023-02-07_19h55.19.167,learningnewwords,2022.2.4,Win32,7.500581295,0,5,5,16,1,47.jpg,47.wav,,,,,,,,,,,,,,,,,,,,,,,,,,,,,
,,Афонина Анастасия,001,2023-02-07_19h55.19.167,learningnewwords,2022.2.4,Win32,7.500581295,0,6,6,15,1,43.jpg,43.wav,,,,,,,,,,,,,,,,,,,,,,,,,,,,,
,,Афонина Анастасия,001,2023-02-07_19h55.19.167,learningnewwords,2022.2.4,Win32,7.500581295,0,7,7,7,1,22.jpg,22.wav,,,,,,,,,,,,,,,,,,,,,,,,,,,,,
,,Афонина Анастасия,001,2023-02-07_19h55.19.167,learningnewwords,2022.2.4,Win32,7.500581295,0,8,8,6,1,18.jpg,18.wav,,,,,,,,,,,,,,,,,,,,,,,,,,,,,
,,Афонина Анастасия,001,2023-02-07_19h55.19.167,learningnewwords,2022.2.4,Win32,7.500581295,0,9,9,2,1,7.jpg,7.wav,,,,,,,,,,,,,,,,,,,,,,,,,,,,,
,,Афонина Анастасия,001,2023-02-07_19h55.19.167,learningnewwords,2022.2.4,Win32,7.500581295,0,10,10,12,1,35.jpg,35.wav,,,,,,,,,,,,,,,,,,,,,,,,,,,,,
,,Афонина Анастасия,001,2023-02-07_19h55.19.167,learningnewwords,2022.2.4,Win32,7.500581295,0,11,11,19,1,55.jpg,55.wav,,,,,,,,,,,,,,,,,,,,,,,,,,,,,
,,Афонина Анастасия,001,2023-02-07_19h55.19.167,learningnewwords,2022.2.4,Win32,7.500581295,0,12,12,14,1,42.jpg,42.wav,,,,,,,,,,,,,,,,,,,,,,,,,,,,,
,,Афонина Анастасия,001,2023-02-07_19h55.19.167,learningnewwords,2022.2.4,Win32,7.500581295,0,13,13,11,1,33.jpg,33.wav,,,,,,,,,,,,,,,,,,,,,,,,,,,,,
,,Афонина Анастасия,001,2023-02-07_19h55.19.167,learningnewwords,2022.2.4,Win32,7.500581295,0,14,14,9,1,27.jpg,27.wav,,,,,,,,,,,,,,,,,,,,,,,,,,,,,
,,Афонина Анастасия,001,2023-02-07_19h55.19.167,learningnewwords,2022.2.4,Win32,7.500581295,0,15,15,17,1,49.jpg,49.wav,,,,,,,,,,,,,,,,,,,,,,,,,,,,,
,,Афонина Анастасия,001,2023-02-07_19h55.19.167,learningnewwords,2022.2.4,Win32,7.500581295,0,16,16,4,1,14.jpg,14.wav,,,,,,,,,,,,,,,,,,,,,,,,,,,,,
,,Афонина Анастасия,001,2023-02-07_19h55.19.167,learningnewwords,2022.2.4,Win32,7.500581295,0,17,17,5,1,15.jpg,15.wav,,,,,,,,,,,,,,,,,,,,,,,,,,,,,
,,Афонина Анастасия,001,2023-02-07_19h55.19.167,learningnewwords,2022.2.4,Win32,7.500581295,0,18,18,8,1,24.jpg,24.wav,,,,,,,,,,,,,,,,,,,,,,,,,,,,,
,,Афонина Анастасия,001,2023-02-07_19h55.19.167,learningnewwords,2022.2.4,Win32,7.500581295,0,19,19,13,1,37.jpg,37.wav,,,,,,,,,,,,,,,,,,,,,,,,,,,,,
,,Афонина Анастасия,001,2023-02-07_19h55.19.167,learningnewwords,2022.2.4,Win32,7.500581295,0,20,20,1,1,4.jpg,4.wav,,,,,,,,,,,,,,,,,,,,,,,,,,,,,
,,Афонина Анастасия,001,2023-02-07_19h55.19.167,learningnewwords,2022.2.4,Win32,7.500581295,,,,,,,,,1,0,1,0,1,,,,,,,,,,,,,,,,,,,,,,,
,,Афонина Анастасия,001,2023-02-07_19h55.19.167,learningnewwords,2022.2.4,Win32,7.500581295,0,0,0,9,1,27.jpg,27.wav,,,,,,,,,,,,,,,,,,,,,,,,,,,,,
,,Афонина Анастасия,001,2023-02-07_19h55.19.167,learningnewwords,2022.2.4,Win32,7.500581295,0,1,1,18,1,54.jpg,54.wav,,,,,,,,,,,,,,,,,,,,,,,,,,,,,
,,Афонина Анастасия,001,2023-02-07_19h55.19.167,learningnewwords,2022.2.4,Win32,7.500581295,0,2,2,3,1,9.jpg,9.wav,,,,,,,,,,,,,,,,,,,,,,,,,,,,,
,,Афонина Анастасия,001,2023-02-07_19h55.19.167,learningnewwords,2022.2.4,Win32,7.500581295,0,3,3,1,1,4.jpg,4.wav,,,,,,,,,,,,,,,,,,,,,,,,,,,,,
,,Афонина Анастасия,001,2023-02-07_19h55.19.167,learningnewwords,2022.2.4,Win32,7.500581295,0,4,4,12,1,35.jpg,35.wav,,,,,,,,,,,,,,,,,,,,,,,,,,,,,
,,Афонина Анастасия,001,2023-02-07_19h55.19.167,learningnewwords,2022.2.4,Win32,7.500581295,0,5,5,15,1,43.jpg,43.wav,,,,,,,,,,,,,,,,,,,,,,,,,,,,,
,,Афонина Анастасия,001,2023-02-07_19h55.19.167,learningnewwords,2022.2.4,Win32,7.500581295,0,6,6,4,1,14.jpg,14.wav,,,,,,,,,,,,,,,,,,,,,,,,,,,,,
,,Афонина Анастасия,001,2023-02-07_19h55.19.167,learningnewwords,2022.2.4,Win32,7.500581295,0,7,7,19,1,55.jpg,55.wav,,,,,,,,,,,,,,,,,,,,,,,,,,,,,
,,Афонина Анастасия,001,2023-02-07_19h55.19.167,learningnewwords,2022.2.4,Win32,7.500581295,0,8,8,7,1,22.jpg,22.wav,,,,,,,,,,,,,,,,,,,,,,,,,,,,,
,,Афонина Анастасия,001,2023-02-07_19h55.19.167,learningnewwords,2022.2.4,Win32,7.500581295,0,9,9,8,1,24.jpg,24.wav,,,,,,,,,,,,,,,,,,,,,,,,,,,,,
,,Афонина Анастасия,001,2023-02-07_19h55.19.167,learningnewwords,2022.2.4,Win32,7.500581295,0,10,10,11,1,33.jpg,33.wav,,,,,,,,,,,,,,,,,,,,,,,,,,,,,
,,Афонина Анастасия,001,2023-02-07_19h55.19.167,learningnewwords,2022.2.4,Win32,7.500581295,0,11,11,5,1,15.jpg,15.wav,,,,,,,,,,,,,,,,,,,,,,,,,,,,,
,,Афонина Анастасия,001,2023-02-07_19h55.19.167,learningnewwords,2022.2.4,Win32,7.500581295,0,12,12,6,1,18.jpg,18.wav,,,,,,,,,,,,,,,,,,,,,,,,,,,,,
,,Афонина Анастасия,001,2023-02-07_19h55.19.167,learningnewwords,2022.2.4,Win32,7.500581295,0,13,13,10,1,29.jpg,29.wav,,,,,,,,,,,,,,,,,,,,,,,,,,,,,
,,Афонина Анастасия,001,2023-02-07_19h55.19.167,learningnewwords,2022.2.4,Win32,7.500581295,0,14,14,14,1,42.jpg,42.wav,,,,,,,,,,,,,,,,,,,,,,,,,,,,,
,,Афонина Анастасия,001,2023-02-07_19h55.19.167,learningnewwords,2022.2.4,Win32,7.500581295,0,15,15,0,1,2.jpg,2.wav,,,,,,,,,,,,,,,,,,,,,,,,,,,,,
,,Афонина Анастасия,001,2023-02-07_19h55.19.167,learningnewwords,2022.2.4,Win32,7.500581295,0,16,16,13,1,37.jpg,37.wav,,,,,,,,,,,,,,,,,,,,,,,,,,,,,
,,Афонина Анастасия,001,2023-02-07_19h55.19.167,learningnewwords,2022.2.4,Win32,7.500581295,0,17,17,20,1,57.jpg,57.wav,,,,,,,,,,,,,,,,,,,,,,,,,,,,,
,,Афонина Анастасия,001,2023-02-07_19h55.19.167,learningnewwords,2022.2.4,Win32,7.500581295,0,18,18,16,1,47.jpg,47.wav,,,,,,,,,,,,,,,,,,,,,,,,,,,,,
,,Афонина Анастасия,001,2023-02-07_19h55.19.167,learningnewwords,2022.2.4,Win32,7.500581295,0,19,19,17,1,49.jpg,49.wav,,,,,,,,,,,,,,,,,,,,,,,,,,,,,
,,Афонина Анастасия,001,2023-02-07_19h55.19.167,learningnewwords,2022.2.4,Win32,7.500581295,0,20,20,2,1,7.jpg,7.wav,,,,,,,,,,,,,,,,,,,,,,,,,,,,,
,,Афонина Анастасия,001,2023-02-07_19h55.19.167,learningnewwords,2022.2.4,Win32,7.500581295,,,,,,,,,2,0,2,0,1,,,,,,,,,,,,,,,,,,,,,,,
,,Афонина Анастасия,001,2023-02-07_19h55.19.167,learningnewwords,2022.2.4,Win32,7.500581295,0,0,0,14,1,42.jpg,42.wav,,,,,,,,,,,,,,,,,,,,,,,,,,,,,
,,Афонина Анастасия,001,2023-02-07_19h55.19.167,learningnewwords,2022.2.4,Win32,7.500581295,0,1,1,12,1,35.jpg,35.wav,,,,,,,,,,,,,,,,,,,,,,,,,,,,,
,,Афонина Анастасия,001,2023-02-07_19h55.19.167,learningnewwords,2022.2.4,Win32,7.500581295,0,2,2,0,1,2.jpg,2.wav,,,,,,,,,,,,,,,,,,,,,,,,,,,,,
,,Афонина Анастасия,001,2023-02-07_19h55.19.167,learningnewwords,2022.2.4,Win32,7.500581295,0,3,3,11,1,33.jpg,33.wav,,,,,,,,,,,,,,,,,,,,,,,,,,,,,
,,Афонина Анастасия,001,2023-02-07_19h55.19.167,learningnewwords,2022.2.4,Win32,7.500581295,0,4,4,9,1,27.jpg,27.wav,,,,,,,,,,,,,,,,,,,,,,,,,,,,,
,,Афонина Анастасия,001,2023-02-07_19h55.19.167,learningnewwords,2022.2.4,Win32,7.500581295,0,5,5,20,1,57.jpg,57.wav,,,,,,,,,,,,,,,,,,,,,,,,,,,,,
,,Афонина Анастасия,001,2023-02-07_19h55.19.167,learningnewwords,2022.2.4,Win32,7.500581295,0,6,6,15,1,43.jpg,43.wav,,,,,,,,,,,,,,,,,,,,,,,,,,,,,
,,Афонина Анастасия,001,2023-02-07_19h55.19.167,learningnewwords,2022.2.4,Win32,7.500581295,0,7,7,18,1,54.jpg,54.wav,,,,,,,,,,,,,,,,,,,,,,,,,,,,,
,,Афонина Анастасия,001,2023-02-07_19h55.19.167,learningnewwords,2022.2.4,Win32,7.500581295,0,8,8,3,1,9.jpg,9.wav,,,,,,,,,,,,,,,,,,,,,,,,,,,,,
,,Афонина Анастасия,001,2023-02-07_19h55.19.167,learningnewwords,2022.2.4,Win32,7.500581295,0,9,9,2,1,7.jpg,7.wav,,,,,,,,,,,,,,,,,,,,,,,,,,,,,
,,Афонина Анастасия,001,2023-02-07_19h55.19.167,learningnewwords,2022.2.4,Win32,7.500581295,0,10,10,5,1,15.jpg,15.wav,,,,,,,,,,,,,,,,,,,,,,,,,,,,,
,,Афонина Анастасия,001,2023-02-07_19h55.19.167,learningnewwords,2022.2.4,Win32,7.500581295,0,11,11,10,1,29.jpg,29.wav,,,,,,,,,,,,,,,,,,,,,,,,,,,,,
,,Афонина Анастасия,001,2023-02-07_19h55.19.167,learningnewwords,2022.2.4,Win32,7.500581295,0,12,12,7,1,22.jpg,22.wav,,,,,,,,,,,,,,,,,,,,,,,,,,,,,
,,Афонина Анастасия,001,2023-02-07_19h55.19.167,learningnewwords,2022.2.4,Win32,7.500581295,0,13,13,6,1,18.jpg,18.wav,,,,,,,,,,,,,,,,,,,,,,,,,,,,,
,,Афонина Анастасия,001,2023-02-07_19h55.19.167,learningnewwords,2022.2.4,Win32,7.500581295,0,14,14,19,1,55.jpg,55.wav,,,,,,,,,,,,,,,,,,,,,,,,,,,,,
,,Афонина Анастасия,001,2023-02-07_19h55.19.167,learningnewwords,2022.2.4,Win32,7.500581295,0,15,15,1,1,4.jpg,4.wav,,,,,,,,,,,,,,,,,,,,,,,,,,,,,
,,Афонина Анастасия,001,2023-02-07_19h55.19.167,learningnewwords,2022.2.4,Win32,7.500581295,0,16,16,8,1,24.jpg,24.wav,,,,,,,,,,,,,,,,,,,,,,,,,,,,,
,,Афонина Анастасия,001,2023-02-07_19h55.19.167,learningnewwords,2022.2.4,Win32,7.500581295,0,17,17,17,1,49.jpg,49.wav,,,,,,,,,,,,,,,,,,,,,,,,,,,,,
,,Афонина Анастасия,001,2023-02-07_19h55.19.167,learningnewwords,2022.2.4,Win32,7.500581295,0,18,18,13,1,37.jpg,37.wav,,,,,,,,,,,,,,,,,,,,,,,,,,,,,
,,Афонина Анастасия,001,2023-02-07_19h55.19.167,learningnewwords,2022.2.4,Win32,7.500581295,0,19,19,16,1,47.jpg,47.wav,,,,,,,,,,,,,,,,,,,,,,,,,,,,,
,,Афонина Анастасия,001,2023-02-07_19h55.19.167,learningnewwords,2022.2.4,Win32,7.500581295,0,20,20,4,1,14.jpg,14.wav,,,,,,,,,,,,,,,,,,,,,,,,,,,,,
,,Афонина Анастасия,001,2023-02-07_19h55.19.167,learningnewwords,2022.2.4,Win32,7.500581295,,,,,,,,,3,0,3,0,1,,,,,,,,,,,,,,,,,,,,,,,
,,Афонина Анастасия,001,2023-02-07_19h55.19.167,learningnewwords,2022.2.4,Win32,7.500581295,0,0,0,12,1,35.jpg,35.wav,,,,,,,,,,,,,,,,,,,,,,,,,,,,,
,,Афонина Анастасия,001,2023-02-07_19h55.19.167,learningnewwords,2022.2.4,Win32,7.500581295,0,1,1,15,1,43.jpg,43.wav,,,,,,,,,,,,,,,,,,,,,,,,,,,,,
,,Афонина Анастасия,001,2023-02-07_19h55.19.167,learningnewwords,2022.2.4,Win32,7.500581295,0,2,2,7,1,22.jpg,22.wav,,,,,,,,,,,,,,,,,,,,,,,,,,,,,
,,Афонина Анастасия,001,2023-02-07_19h55.19.167,learningnewwords,2022.2.4,Win32,7.500581295,0,3,3,9,1,27.jpg,27.wav,,,,,,,,,,,,,,,,,,,,,,,,,,,,,
,,Афонина Анастасия,001,2023-02-07_19h55.19.167,learningnewwords,2022.2.4,Win32,7.500581295,0,4,4,18,1,54.jpg,54.wav,,,,,,,,,,,,,,,,,,,,,,,,,,,,,
,,Афонина Анастасия,001,2023-02-07_19h55.19.167,learningnewwords,2022.2.4,Win32,7.500581295,0,5,5,10,1,29.jpg,29.wav,,,,,,,,,,,,,,,,,,,,,,,,,,,,,
,,Афонина Анастасия,001,2023-02-07_19h55.19.167,learningnewwords,2022.2.4,Win32,7.500581295,0,6,6,11,1,33.jpg,33.wav,,,,,,,,,,,,,,,,,,,,,,,,,,,,,
,,Афонина Анастасия,001,2023-02-07_19h55.19.167,learningnewwords,2022.2.4,Win32,7.500581295,0,7,7,6,1,18.jpg,18.wav,,,,,,,,,,,,,,,,,,,,,,,,,,,,,
,,Афонина Анастасия,001,2023-02-07_19h55.19.167,learningnewwords,2022.2.4,Win32,7.500581295,0,8,8,3,1,9.jpg,9.wav,,,,,,,,,,,,,,,,,,,,,,,,,,,,,
,,Афонина Анастасия,001,2023-02-07_19h55.19.167,learningnewwords,2022.2.4,Win32,7.500581295,0,9,9,2,1,7.jpg,7.wav,,,,,,,,,,,,,,,,,,,,,,,,,,,,,
,,Афонина Анастасия,001,2023-02-07_19h55.19.167,learningnewwords,2022.2.4,Win32,7.500581295,0,10,10,8,1,24.jpg,24.wav,,,,,,,,,,,,,,,,,,,,,,,,,,,,,
,,Афонина Анастасия,001,2023-02-07_19h55.19.167,learningnewwords,2022.2.4,Win32,7.500581295,0,11,11,17,1,49.jpg,49.wav,,,,,,,,,,,,,,,,,,,,,,,,,,,,,
,,Афонина Анастасия,001,2023-02-07_19h55.19.167,learningnewwords,2022.2.4,Win32,7.500581295,0,12,12,14,1,42.jpg,42.wav,,,,,,,,,,,,,,,,,,,,,,,,,,,,,
,,Афонина Анастасия,001,2023-02-07_19h55.19.167,learningnewwords,2022.2.4,Win32,7.500581295,0,13,13,0,1,2.jpg,2.wav,,,,,,,,,,,,,,,,,,,,,,,,,,,,,
,,Афонина Анастасия,001,2023-02-07_19h55.19.167,learningnewwords,2022.2.4,Win32,7.500581295,0,14,14,13,1,37.jpg,37.wav,,,,,,,,,,,,,,,,,,,,,,,,,,,,,
,,Афонина Анастасия,001,2023-02-07_19h55.19.167,learningnewwords,2022.2.4,Win32,7.500581295,0,15,15,5,1,15.jpg,15.wav,,,,,,,,,,,,,,,,,,,,,,,,,,,,,
,,Афонина Анастасия,001,2023-02-07_19h55.19.167,learningnewwords,2022.2.4,Win32,7.500581295,0,16,16,19,1,55.jpg,55.wav,,,,,,,,,,,,,,,,,,,,,,,,,,,,,
,,Афонина Анастасия,001,2023-02-07_19h55.19.167,learningnewwords,2022.2.4,Win32,7.500581295,0,17,17,16,1,47.jpg,47.wav,,,,,,,,,,,,,,,,,,,,,,,,,,,,,
,,Афонина Анастасия,001,2023-02-07_19h55.19.167,learningnewwords,2022.2.4,Win32,7.500581295,0,18,18,4,1,14.jpg,14.wav,,,,,,,,,,,,,,,,,,,,,,,,,,,,,
,,Афонина Анастасия,001,2023-02-07_19h55.19.167,learningnewwords,2022.2.4,Win32,7.500581295,0,19,19,20,1,57.jpg,57.wav,,,,,,,,,,,,,,,,,,,,,,,,,,,,,
,,Афонина Анастасия,001,2023-02-07_19h55.19.167,learningnewwords,2022.2.4,Win32,7.500581295,0,20,20,1,1,4.jpg,4.wav,,,,,,,,,,,,,,,,,,,,,,,,,,,,,
,,Афонина Анастасия,001,2023-02-07_19h55.19.167,learningnewwords,2022.2.4,Win32,7.500581295,,,,,,,,,4,0,4,0,1,,,,,,,,,,,,,,,,,,,,,,,
,,Афонина Анастасия,001,2023-02-07_19h55.19.167,learningnewwords,2022.2.4,Win32,7.500581295,,,,,,,,,,,,,,space,41.5937,,,,,,,,,,,,,,,,,,,,,
,,Афонина Анастасия,001,2023-02-07_19h55.19.167,learningnewwords,2022.2.4,Win32,7.500581295,,,,,,,,,,,,,,,,2,1,3.8012,-,0.080555598,-0.402777778,1,0,0,7.2852,end,0,0,0,40,1,new54.jpg,n54.wav,2,-,0
,,Афонина Анастасия,001,2023-02-07_19h55.19.167,learningnewwords,2022.2.4,Win32,7.500581295,,,,,,,,,,,,,,,,2,1,2.5105,-,-0.074999986,-0.406481496,1,0,0,7.2199,end,0,1,1,28,1,new21.jpg,n21.wav,2,-,-
,,Афонина Анастасия,001,2023-02-07_19h55.19.167,learningnewwords,2022.2.4,Win32,7.500581295,,,,,,,,,,,,,,,,1,1,2.4069,сумка,-0.026851866,-0.382407436,1,0,0,14.0281,end,0,2,2,2,1,old7.jpg,7.wav,1,bag,+
,,Афонина Анастасия,001,2023-02-07_19h55.19.167,learningnewwords,2022.2.4,Win32,7.500581295,,,,,,,,,,,,,,,,2,1,1.8638,-,-0.035185143,-0.411111125,1,0,0,3.5721,end,0,3,3,22,1,new2.jpg,n2.wav,2,-,+
,,Афонина Анастасия,001,2023-02-07_19h55.19.167,learningnewwords,2022.2.4,Win32,7.500581295,,,,,,,,,,,,,,,,2,0,8.5374,-,-0.01944443,-0.410185213,1,0,0,5.1873,end,0,4,4,15,1,old43.jpg,43.wav,1,sheet,0
,,Афонина Анастасия,001,2023-02-07_19h55.19.167,learningnewwords,2022.2.4,Win32,7.500581295,,,,,,,,,,,,,,,,1,1,2.3295,рука,-0.035185143,-0.406481496,1,0,0,6.2741,end,0,5,5,3,1,old9.jpg,9.wav,1,arm,+
,,Афонина Анастасия,001,2023-02-07_19h55.19.167,learningnewwords,2022.2.4,Win32,7.500581295,,,,,,,,,,,,,,,,2,1,1.9534,-,-0.035185143,-0.406481496,1,0,0,3.6132,end,0,6,6,31,1,new26.jpg,n26.wav,2,-,-
,,Афонина Анастасия,001,2023-02-07_19h55.19.167,learningnewwords,2022.2.4,Win32,7.500581295,,,,,,,,,,,,,,,,2,1,1.7678,-,-0.035185143,-0.406481496,1,0,0,4.4949,end,0,7,7,23,1,new4.jpg,n4.wav,2,-,+
,,Афонина Анастасия,001,2023-02-07_19h55.19.167,learningnewwords,2022.2.4,Win32,7.500581295,,,,,,,,,,,,,,,,1,1,7.3005,светофор,-0.01944443,-0.387962977,1,0,0,28.4505,end,0,8,8,20,1,old57.jpg,57.wav,1,traffic,0
,,Афонина Анастасия,001,2023-02-07_19h55.19.167,learningnewwords,2022.2.4,Win32,7.500581295,,,,,,,,,,,,,,,,2,1,1.6471,-,-0.01944443,-0.387962977,1,0,0,2.2567,end,0,9,9,27,1,new17.jpg,n17.wav,2,-,+
,,Афонина Анастасия,001,2023-02-07_19h55.19.167,learningnewwords,2022.2.4,Win32,7.500581295,,,,,,,,,,,,,,,,2,1,1.4735,-,-0.01944443,-0.387962977,1,0,0,2.4082,end,0,10,10,26,1,new13.jpg,n13.wav,2,-,+
,,Афонина Анастасия,001,2023-02-07_19h55.19.167,learningnewwords,2022.2.4,Win32,7.500581295,,,,,,,,,,,,,,,,2,0,7.3233,-,-0.02870369,-0.408333319,1,0,0,7.1532,end,0,11,11,4,1,old14.jpg,14.wav,1,skovoroda,+
,,Афонина Анастасия,001,2023-02-07_19h55.19.167,learningnewwords,2022.2.4,Win32,7.500581295,,,,,,,,,,,,,,,,2,0,3.0596,-,0.053703732,-0.40370369,1,0,0,4.5057,end,0,12,12,11,1,old33.jpg,33.wav,1,varezhka,-
,,Афонина Анастасия,001,2023-02-07_19h55.19.167,learningnewwords,2022.2.4,Win32,7.500581295,,,,,,,,,,,,,,,,2,1,1.2592,-,-0.041666667,-0.416666667,1,0,0,4.7188,end,0,13,13,24,1,new6.jpg,n6.wav,2,-,+
,,Афонина Анастасия,001,2023-02-07_19h55.19.167,learningnewwords,2022.2.4,Win32,7.500581295,,,,,,,,,,,,,,,,2,0,1.4312,-,-0.070370356,-0.414814843,1,0,0,2.9715,end,0,14,14,18,1,old54.jpg,54.wav,1,linear,0
,,Афонина Анастасия,001,2023-02-07_19h55.19.167,learningnewwords,2022.2.4,Win32,7.500581295,,,,,,,,,,,,,,,,1,1,3.0293,нос,0.02407406,-0.384259259,1,0,0,5.2469,end,0,15,15,8,1,old24.jpg,24.wav,1,nose,-
,,Афонина Анастасия,001,2023-02-07_19h55.19.167,learningnewwords,2022.2.4,Win32,7.500581295,,,,,,,,,,,,,,,,2,0,4.1532,-,0.02407406,-0.384259259,1,0,0,2.0715,end,0,16,16,19,1,old55.jpg,55.wav,1,stakan,0
,,Афонина Анастасия,001,2023-02-07_19h55.19.167,learningnewwords,2022.2.4,Win32,7.500581295,,,,,,,,,,,,,,,,2,0,15.3895,-,0.010185171,-0.400925954,1,0,0,1.9329,end,0,17,17,1,1,old4.jpg,4.wav,1,bike,+
,,Афонина Анастасия,001,2023-02-07_19h55.19.167,learningnewwords,2022.2.4,Win32,7.500581295,,,,,,,,,,,,,,,,1,1,3.6322,гитара,-0.032407407,-0.413888931,1,0,0,4.0926,end,0,18,18,16,1,old47.jpg,47.wav,1,guitar,0
,,Афонина Анастасия,001,2023-02-07_19h55.19.167,learningnewwords,2022.2.4,Win32,7.500581295,,,,,,,,,,,,,,,,2,0,20.3982,-,-0.02407406,-0.412037037,1,0,0,4.6525,end,0,19,19,10,1,old29.jpg,29.wav,1,doorhand,-
,,Афонина Анастасия,001,2023-02-07_19h55.19.167,learningnewwords,2022.2.4,Win32,7.500581295,,,,,,,,,,,,,,,,2,0,2.3551,-,-0.02407406,-0.412037037,1,0,0,1.9249,end,0,20,20,0,1,old2.jpg,2.wav,1,gloves,+
,,Афонина Анастасия,001,2023-02-07_19h55.19.167,learningnewwords,2022.2.4,Win32,7.500581295,,,,,,,,,,,,,,,,2,1,1.8521,,-0.02407406,-0.412037037,1,0,0,0.8534,end,0,21,21,35,1,new41.jpg,n41.wav,2,-,0
,,Афонина Анастасия,001,2023-02-07_19h55.19.167,learningnewwords,2022.2.4,Win32,7.500581295,,,,,,,,,,,,,,,,2,1,1.8075,-,-0.02407406,-0.412037037,1,0,0,2.1033,end,0,22,22,29,1,new22.jpg,n22.wav,2,-,-
,,Афонина Анастасия,001,2023-02-07_19h55.19.167,learningnewwords,2022.2.4,Win32,7.500581295,,,,,,,,,,,,,,,,2,0,2.0022,-,0.012037065,-0.411111125,1,0,0,3.9441,end,0,23,23,5,1,old15.jpg,15.wav,1,gruzovik,+
,,Афонина Анастасия,001,2023-02-07_19h55.19.167,learningnewwords,2022.2.4,Win32,7.500581295,,,,,,,,,,,,,,,,2,1,3.4502,-,0.012037065,-0.411111125,1,0,0,2.5778,end,0,24,24,32,1,new27.jpg,n27.wav,2,-,-
,,Афонина Анастасия,001,2023-02-07_19h55.19.167,learningnewwords,2022.2.4,Win32,7.500581295,,,,,,,,,,,,,,,,2,1,2.3497,-,0.012037065,-0.411111125,1,0,0,3.8163,end,0,25,25,37,1,new44.jpg,n44.wav,2,-,0
,,Афонина Анастасия,001,2023-02-07_19h55.19.167,learningnewwords,2022.2.4,Win32,7.500581295,,,,,,,,,,,,,,,,2,1,1.4,-,0.012037065,-0.411111125,1,0,0,2.2822,end,0,26,26,25,1,new7.jpg,n7.wav,2,-,+
,,Афонина Анастасия,001,2023-02-07_19h55.19.167,learningnewwords,2022.2.4,Win32,7.500581295,,,,,,,,,,,,,,,,1,1,6.8316,-,0.012037065,-0.411111125,1,0,0,4.1466,end,0,27,27,17,1,old49.jpg,49.wav,1,snail,0
,,Афонина Анастасия,001,2023-02-07_19h55.19.167,learningnewwords,2022.2.4,Win32,7.500581295,,,,,,,,,,,,,,,,1,1,4.4518,-,0.012037065,-0.411111125,1,0,0,3.9605,end,0,28,28,6,1,old18.jpg,18.wav,1,sofa,+
,,Афонина Анастасия,001,2023-02-07_19h55.19.167,learningnewwords,2022.2.4,Win32,7.500581295,,,,,,,,,,,,,,,,1,1,1.7737,-,0.012037065,-0.411111125,1,0,0,2.5544,end,0,29,29,12,1,old35.jpg,35.wav,1,umbrella,-
,,Афонина Анастасия,001,2023-02-07_19h55.19.167,learningnewwords,2022.2.4,Win32,7.500581295,,,,,,,,,,,,,,,,2,1,2.1225,-,0.012037065,-0.411111125,1,0,0,3.0988,end,0,30,30,39,1,new48.jpg,n48.wav,2,-,0
,,Афонина Анастасия,001,2023-02-07_19h55.19.167,learningnewwords,2022.2.4,Win32,7.500581295,,,,,,,,,,,,,,,,2,0,3.4071,-,0.012037065,-0.411111125,1,0,0,2.727,end,0,31,31,7,1,old22.jpg,22.wav,1,skalka,-
,,Афонина Анастасия,001,2023-02-07_19h55.19.167,learningnewwords,2022.2.4,Win32,7.500581295,,,,,,,,,,,,,,,,2,1,3.1565,-,0.012037065,-0.411111125,1,0,0,5.5198,end,0,32,32,41,1,new57.jpg,n57.wav,2,-,0
,,Афонина Анастасия,001,2023-02-07_19h55.19.167,learningnewwords,2022.2.4,Win32,7.500581295,,,,,,,,,,,,,,,,1,1,3.0717,-,-0.039814772,-0.384259259,1,0,0,2.9168,end,0,33,33,9,1,old27.jpg,27.wav,1,ring,-
,,Афонина Анастасия,001,2023-02-07_19h55.19.167,learningnewwords,2022.2.4,Win32,7.500581295,,,,,,,,,,,,,,,,1,1,5.5353,машина,-0.061111097,-0.426851838,1,0,0,11.2122,end,0,34,34,14,1,old42.jpg,42.wav,1,car,0
,,Афонина Анастасия,001,2023-02-07_19h55.19.167,learningnewwords,2022.2.4,Win32,7.500581295,,,,,,,,,,,,,,,,2,1,1.6132,-,-0.022222236,-0.397222236,1,0,0,4.3039,end,0,35,35,36,1,new42.jpg,n42.wav,2,-,0
,,Афонина Анастасия,001,2023-02-07_19h55.19.167,learningnewwords,2022.2.4,Win32,7.500581295,,,,,,,,,,,,,,,,2,1,1.4763,-,-0.022222236,-0.397222236,1,0,0,2.2639,end,0,36,36,34,1,new37.jpg,n37.wav,2,-,-
,,Афонина Анастасия,001,2023-02-07_19h55.19.167,learningnewwords,2022.2.4,Win32,7.500581295,,,,,,,,,,,,,,,,2,1,1.4553,-,-0.022222236,-0.397222236,1,0,0,3.0963,end,0,37,37,33,1,new34.jpg,n34.wav,2,-,-
,,Афонина Анастасия,001,2023-02-07_19h55.19.167,learningnewwords,2022.2.4,Win32,7.500581295,,,,,,,,,,,,,,,,2,1,1.597,-,-0.022222236,-0.397222236,1,0,0,3.0475,end,0,38,38,38,1,new46.jpg,n46.wav,2,-,0
,,Афонина Анастасия,001,2023-02-07_19h55.19.167,learningnewwords,2022.2.4,Win32,7.500581295,,,,,,,,,,,,,,,,1,1,1.9682,-,-0.022222236,-0.397222236,1,0,0,2.076,end,0,39,39,13,1,old37.jpg,37.wav,1,stoll,-
,,Афонина Анастасия,001,2023-02-07_19h55.19.167,learningnewwords,2022.2.4,Win32,7.500581295,,,,,,,,,,,,,,,,2,1,1.5913,-,-0.022222236,-0.397222236,1,0,0,2.0715,end,0,40,40,30,1,new24.jpg,n24.wav,2,-,-
,,Афонина Анастасия,001,2023-02-07_19h55.19.167,learningnewwords,2022.2.4,Win32,7.500581295,,,,,,,,,,,,,,,,2,1,1.4089,-,-0.022222236,-0.397222236,1,0,0,1.7078,end,0,41,41,21,1,new1.jpg,n1.wav,2,-,+
