﻿key_resp.keys,key_resp.rt,participant,session,date,expName,psychopyVersion,OS,frameRate,trials.thisRepN,trials.thisTrialN,trials.thisN,trials.thisIndex,trials.ran,img,audio,key_resp_4.keys,trials_2.thisRepN,trials_2.thisTrialN,trials_2.thisN,trials_2.thisIndex,trials_2.ran,key_resp_2.keys,key_resp_2.rt,key_resp_3.keys,key_resp_3.corr,key_resp_3.rt,textbox.text,mouse.x,mouse.y,mouse.leftButton,mouse.midButton,mouse.rightButton,mouse.time,mouse.clicked_name,trials_3.thisRepN,trials_3.thisTrialN,trials_3.thisN,trials_3.thisIndex,trials_3.ran,im,aud,key,what,q
space,7.892,Антон,001,2023-02-08_21h07.26.857,learningnewwords,2022.2.4,MacIntel,58.82352941,,,,,,,,,,,,,,,,,,,,,,,,,,,,,,,,,,,,
,,Антон,001,2023-02-08_21h07.26.857,learningnewwords,2022.2.4,MacIntel,58.82352941,0,0,0,14,1,42.jpg,42.wav,,,,,,,,,,,,,,,,,,,,,,,,,,,,,
,,Антон,001,2023-02-08_21h07.26.857,learningnewwords,2022.2.4,MacIntel,58.82352941,0,1,1,1,1,4.jpg,4.wav,,,,,,,,,,,,,,,,,,,,,,,,,,,,,
,,Антон,001,2023-02-08_21h07.26.857,learningnewwords,2022.2.4,MacIntel,58.82352941,0,2,2,4,1,14.jpg,14.wav,,,,,,,,,,,,,,,,,,,,,,,,,,,,,
,,Антон,001,2023-02-08_21h07.26.857,learningnewwords,2022.2.4,MacIntel,58.82352941,0,3,3,12,1,35.jpg,35.wav,,,,,,,,,,,,,,,,,,,,,,,,,,,,,
,,Антон,001,2023-02-08_21h07.26.857,learningnewwords,2022.2.4,MacIntel,58.82352941,0,4,4,17,1,49.jpg,49.wav,,,,,,,,,,,,,,,,,,,,,,,,,,,,,
,,Антон,001,2023-02-08_21h07.26.857,learningnewwords,2022.2.4,MacIntel,58.82352941,0,5,5,8,1,24.jpg,24.wav,,,,,,,,,,,,,,,,,,,,,,,,,,,,,
,,Антон,001,2023-02-08_21h07.26.857,learningnewwords,2022.2.4,MacIntel,58.82352941,0,6,6,0,1,2.jpg,2.wav,,,,,,,,,,,,,,,,,,,,,,,,,,,,,
,,Антон,001,2023-02-08_21h07.26.857,learningnewwords,2022.2.4,MacIntel,58.82352941,0,7,7,13,1,37.jpg,37.wav,,,,,,,,,,,,,,,,,,,,,,,,,,,,,
,,Антон,001,2023-02-08_21h07.26.857,learningnewwords,2022.2.4,MacIntel,58.82352941,0,8,8,11,1,33.jpg,33.wav,,,,,,,,,,,,,,,,,,,,,,,,,,,,,
,,Антон,001,2023-02-08_21h07.26.857,learningnewwords,2022.2.4,MacIntel,58.82352941,0,9,9,5,1,15.jpg,15.wav,,,,,,,,,,,,,,,,,,,,,,,,,,,,,
,,Антон,001,2023-02-08_21h07.26.857,learningnewwords,2022.2.4,MacIntel,58.82352941,0,10,10,16,1,47.jpg,47.wav,,,,,,,,,,,,,,,,,,,,,,,,,,,,,
,,Антон,001,2023-02-08_21h07.26.857,learningnewwords,2022.2.4,MacIntel,58.82352941,0,11,11,9,1,27.jpg,27.wav,,,,,,,,,,,,,,,,,,,,,,,,,,,,,
,,Антон,001,2023-02-08_21h07.26.857,learningnewwords,2022.2.4,MacIntel,58.82352941,0,12,12,19,1,55.jpg,55.wav,,,,,,,,,,,,,,,,,,,,,,,,,,,,,
,,Антон,001,2023-02-08_21h07.26.857,learningnewwords,2022.2.4,MacIntel,58.82352941,0,13,13,20,1,57.jpg,57.wav,,,,,,,,,,,,,,,,,,,,,,,,,,,,,
,,Антон,001,2023-02-08_21h07.26.857,learningnewwords,2022.2.4,MacIntel,58.82352941,0,14,14,10,1,29.jpg,29.wav,,,,,,,,,,,,,,,,,,,,,,,,,,,,,
,,Антон,001,2023-02-08_21h07.26.857,learningnewwords,2022.2.4,MacIntel,58.82352941,0,15,15,15,1,43.jpg,43.wav,,,,,,,,,,,,,,,,,,,,,,,,,,,,,
,,Антон,001,2023-02-08_21h07.26.857,learningnewwords,2022.2.4,MacIntel,58.82352941,0,16,16,18,1,54.jpg,54.wav,,,,,,,,,,,,,,,,,,,,,,,,,,,,,
,,Антон,001,2023-02-08_21h07.26.857,learningnewwords,2022.2.4,MacIntel,58.82352941,0,17,17,7,1,22.jpg,22.wav,,,,,,,,,,,,,,,,,,,,,,,,,,,,,
,,Антон,001,2023-02-08_21h07.26.857,learningnewwords,2022.2.4,MacIntel,58.82352941,0,18,18,6,1,18.jpg,18.wav,,,,,,,,,,,,,,,,,,,,,,,,,,,,,
,,Антон,001,2023-02-08_21h07.26.857,learningnewwords,2022.2.4,MacIntel,58.82352941,0,19,19,3,1,9.jpg,9.wav,,,,,,,,,,,,,,,,,,,,,,,,,,,,,
,,Антон,001,2023-02-08_21h07.26.857,learningnewwords,2022.2.4,MacIntel,58.82352941,0,20,20,2,1,7.jpg,7.wav,,,,,,,,,,,,,,,,,,,,,,,,,,,,,
,,Антон,001,2023-02-08_21h07.26.857,learningnewwords,2022.2.4,MacIntel,58.82352941,,,,,,,,,0,0,0,0,1,,,,,,,,,,,,,,,,,,,,,,,
,,Антон,001,2023-02-08_21h07.26.857,learningnewwords,2022.2.4,MacIntel,58.82352941,0,0,0,9,1,27.jpg,27.wav,,,,,,,,,,,,,,,,,,,,,,,,,,,,,
,,Антон,001,2023-02-08_21h07.26.857,learningnewwords,2022.2.4,MacIntel,58.82352941,0,1,1,11,1,33.jpg,33.wav,,,,,,,,,,,,,,,,,,,,,,,,,,,,,
,,Антон,001,2023-02-08_21h07.26.857,learningnewwords,2022.2.4,MacIntel,58.82352941,0,2,2,18,1,54.jpg,54.wav,,,,,,,,,,,,,,,,,,,,,,,,,,,,,
,,Антон,001,2023-02-08_21h07.26.857,learningnewwords,2022.2.4,MacIntel,58.82352941,0,3,3,5,1,15.jpg,15.wav,,,,,,,,,,,,,,,,,,,,,,,,,,,,,
,,Антон,001,2023-02-08_21h07.26.857,learningnewwords,2022.2.4,MacIntel,58.82352941,0,4,4,0,1,2.jpg,2.wav,,,,,,,,,,,,,,,,,,,,,,,,,,,,,
,,Антон,001,2023-02-08_21h07.26.857,learningnewwords,2022.2.4,MacIntel,58.82352941,0,5,5,14,1,42.jpg,42.wav,,,,,,,,,,,,,,,,,,,,,,,,,,,,,
,,Антон,001,2023-02-08_21h07.26.857,learningnewwords,2022.2.4,MacIntel,58.82352941,0,6,6,2,1,7.jpg,7.wav,,,,,,,,,,,,,,,,,,,,,,,,,,,,,
,,Антон,001,2023-02-08_21h07.26.857,learningnewwords,2022.2.4,MacIntel,58.82352941,0,7,7,4,1,14.jpg,14.wav,,,,,,,,,,,,,,,,,,,,,,,,,,,,,
,,Антон,001,2023-02-08_21h07.26.857,learningnewwords,2022.2.4,MacIntel,58.82352941,0,8,8,17,1,49.jpg,49.wav,,,,,,,,,,,,,,,,,,,,,,,,,,,,,
,,Антон,001,2023-02-08_21h07.26.857,learningnewwords,2022.2.4,MacIntel,58.82352941,0,9,9,20,1,57.jpg,57.wav,,,,,,,,,,,,,,,,,,,,,,,,,,,,,
,,Антон,001,2023-02-08_21h07.26.857,learningnewwords,2022.2.4,MacIntel,58.82352941,0,10,10,15,1,43.jpg,43.wav,,,,,,,,,,,,,,,,,,,,,,,,,,,,,
,,Антон,001,2023-02-08_21h07.26.857,learningnewwords,2022.2.4,MacIntel,58.82352941,0,11,11,16,1,47.jpg,47.wav,,,,,,,,,,,,,,,,,,,,,,,,,,,,,
,,Антон,001,2023-02-08_21h07.26.857,learningnewwords,2022.2.4,MacIntel,58.82352941,0,12,12,12,1,35.jpg,35.wav,,,,,,,,,,,,,,,,,,,,,,,,,,,,,
,,Антон,001,2023-02-08_21h07.26.857,learningnewwords,2022.2.4,MacIntel,58.82352941,0,13,13,10,1,29.jpg,29.wav,,,,,,,,,,,,,,,,,,,,,,,,,,,,,
,,Антон,001,2023-02-08_21h07.26.857,learningnewwords,2022.2.4,MacIntel,58.82352941,0,14,14,13,1,37.jpg,37.wav,,,,,,,,,,,,,,,,,,,,,,,,,,,,,
,,Антон,001,2023-02-08_21h07.26.857,learningnewwords,2022.2.4,MacIntel,58.82352941,0,15,15,3,1,9.jpg,9.wav,,,,,,,,,,,,,,,,,,,,,,,,,,,,,
,,Антон,001,2023-02-08_21h07.26.857,learningnewwords,2022.2.4,MacIntel,58.82352941,0,16,16,8,1,24.jpg,24.wav,,,,,,,,,,,,,,,,,,,,,,,,,,,,,
,,Антон,001,2023-02-08_21h07.26.857,learningnewwords,2022.2.4,MacIntel,58.82352941,0,17,17,6,1,18.jpg,18.wav,,,,,,,,,,,,,,,,,,,,,,,,,,,,,
,,Антон,001,2023-02-08_21h07.26.857,learningnewwords,2022.2.4,MacIntel,58.82352941,0,18,18,1,1,4.jpg,4.wav,,,,,,,,,,,,,,,,,,,,,,,,,,,,,
,,Антон,001,2023-02-08_21h07.26.857,learningnewwords,2022.2.4,MacIntel,58.82352941,0,19,19,7,1,22.jpg,22.wav,,,,,,,,,,,,,,,,,,,,,,,,,,,,,
,,Антон,001,2023-02-08_21h07.26.857,learningnewwords,2022.2.4,MacIntel,58.82352941,0,20,20,19,1,55.jpg,55.wav,,,,,,,,,,,,,,,,,,,,,,,,,,,,,
,,Антон,001,2023-02-08_21h07.26.857,learningnewwords,2022.2.4,MacIntel,58.82352941,,,,,,,,,1,0,1,0,1,,,,,,,,,,,,,,,,,,,,,,,
,,Антон,001,2023-02-08_21h07.26.857,learningnewwords,2022.2.4,MacIntel,58.82352941,0,0,0,8,1,24.jpg,24.wav,,,,,,,,,,,,,,,,,,,,,,,,,,,,,
,,Антон,001,2023-02-08_21h07.26.857,learningnewwords,2022.2.4,MacIntel,58.82352941,0,1,1,3,1,9.jpg,9.wav,,,,,,,,,,,,,,,,,,,,,,,,,,,,,
,,Антон,001,2023-02-08_21h07.26.857,learningnewwords,2022.2.4,MacIntel,58.82352941,0,2,2,20,1,57.jpg,57.wav,,,,,,,,,,,,,,,,,,,,,,,,,,,,,
,,Антон,001,2023-02-08_21h07.26.857,learningnewwords,2022.2.4,MacIntel,58.82352941,0,3,3,0,1,2.jpg,2.wav,,,,,,,,,,,,,,,,,,,,,,,,,,,,,
,,Антон,001,2023-02-08_21h07.26.857,learningnewwords,2022.2.4,MacIntel,58.82352941,0,4,4,11,1,33.jpg,33.wav,,,,,,,,,,,,,,,,,,,,,,,,,,,,,
,,Антон,001,2023-02-08_21h07.26.857,learningnewwords,2022.2.4,MacIntel,58.82352941,0,5,5,6,1,18.jpg,18.wav,,,,,,,,,,,,,,,,,,,,,,,,,,,,,
,,Антон,001,2023-02-08_21h07.26.857,learningnewwords,2022.2.4,MacIntel,58.82352941,0,6,6,1,1,4.jpg,4.wav,,,,,,,,,,,,,,,,,,,,,,,,,,,,,
,,Антон,001,2023-02-08_21h07.26.857,learningnewwords,2022.2.4,MacIntel,58.82352941,0,7,7,7,1,22.jpg,22.wav,,,,,,,,,,,,,,,,,,,,,,,,,,,,,
,,Антон,001,2023-02-08_21h07.26.857,learningnewwords,2022.2.4,MacIntel,58.82352941,0,8,8,2,1,7.jpg,7.wav,,,,,,,,,,,,,,,,,,,,,,,,,,,,,
,,Антон,001,2023-02-08_21h07.26.857,learningnewwords,2022.2.4,MacIntel,58.82352941,0,9,9,17,1,49.jpg,49.wav,,,,,,,,,,,,,,,,,,,,,,,,,,,,,
,,Антон,001,2023-02-08_21h07.26.857,learningnewwords,2022.2.4,MacIntel,58.82352941,0,10,10,10,1,29.jpg,29.wav,,,,,,,,,,,,,,,,,,,,,,,,,,,,,
,,Антон,001,2023-02-08_21h07.26.857,learningnewwords,2022.2.4,MacIntel,58.82352941,0,11,11,5,1,15.jpg,15.wav,,,,,,,,,,,,,,,,,,,,,,,,,,,,,
,,Антон,001,2023-02-08_21h07.26.857,learningnewwords,2022.2.4,MacIntel,58.82352941,0,12,12,15,1,43.jpg,43.wav,,,,,,,,,,,,,,,,,,,,,,,,,,,,,
,,Антон,001,2023-02-08_21h07.26.857,learningnewwords,2022.2.4,MacIntel,58.82352941,0,13,13,12,1,35.jpg,35.wav,,,,,,,,,,,,,,,,,,,,,,,,,,,,,
,,Антон,001,2023-02-08_21h07.26.857,learningnewwords,2022.2.4,MacIntel,58.82352941,0,14,14,4,1,14.jpg,14.wav,,,,,,,,,,,,,,,,,,,,,,,,,,,,,
,,Антон,001,2023-02-08_21h07.26.857,learningnewwords,2022.2.4,MacIntel,58.82352941,0,15,15,19,1,55.jpg,55.wav,,,,,,,,,,,,,,,,,,,,,,,,,,,,,
,,Антон,001,2023-02-08_21h07.26.857,learningnewwords,2022.2.4,MacIntel,58.82352941,0,16,16,18,1,54.jpg,54.wav,,,,,,,,,,,,,,,,,,,,,,,,,,,,,
,,Антон,001,2023-02-08_21h07.26.857,learningnewwords,2022.2.4,MacIntel,58.82352941,0,17,17,9,1,27.jpg,27.wav,,,,,,,,,,,,,,,,,,,,,,,,,,,,,
,,Антон,001,2023-02-08_21h07.26.857,learningnewwords,2022.2.4,MacIntel,58.82352941,0,18,18,14,1,42.jpg,42.wav,,,,,,,,,,,,,,,,,,,,,,,,,,,,,
,,Антон,001,2023-02-08_21h07.26.857,learningnewwords,2022.2.4,MacIntel,58.82352941,0,19,19,16,1,47.jpg,47.wav,,,,,,,,,,,,,,,,,,,,,,,,,,,,,
,,Антон,001,2023-02-08_21h07.26.857,learningnewwords,2022.2.4,MacIntel,58.82352941,0,20,20,13,1,37.jpg,37.wav,,,,,,,,,,,,,,,,,,,,,,,,,,,,,
,,Антон,001,2023-02-08_21h07.26.857,learningnewwords,2022.2.4,MacIntel,58.82352941,,,,,,,,,2,0,2,0,1,,,,,,,,,,,,,,,,,,,,,,,
,,Антон,001,2023-02-08_21h07.26.857,learningnewwords,2022.2.4,MacIntel,58.82352941,0,0,0,6,1,18.jpg,18.wav,,,,,,,,,,,,,,,,,,,,,,,,,,,,,
,,Антон,001,2023-02-08_21h07.26.857,learningnewwords,2022.2.4,MacIntel,58.82352941,0,1,1,9,1,27.jpg,27.wav,,,,,,,,,,,,,,,,,,,,,,,,,,,,,
,,Антон,001,2023-02-08_21h07.26.857,learningnewwords,2022.2.4,MacIntel,58.82352941,0,2,2,20,1,57.jpg,57.wav,,,,,,,,,,,,,,,,,,,,,,,,,,,,,
,,Антон,001,2023-02-08_21h07.26.857,learningnewwords,2022.2.4,MacIntel,58.82352941,0,3,3,19,1,55.jpg,55.wav,,,,,,,,,,,,,,,,,,,,,,,,,,,,,
,,Антон,001,2023-02-08_21h07.26.857,learningnewwords,2022.2.4,MacIntel,58.82352941,0,4,4,16,1,47.jpg,47.wav,,,,,,,,,,,,,,,,,,,,,,,,,,,,,
,,Антон,001,2023-02-08_21h07.26.857,learningnewwords,2022.2.4,MacIntel,58.82352941,0,5,5,4,1,14.jpg,14.wav,,,,,,,,,,,,,,,,,,,,,,,,,,,,,
,,Антон,001,2023-02-08_21h07.26.857,learningnewwords,2022.2.4,MacIntel,58.82352941,0,6,6,18,1,54.jpg,54.wav,,,,,,,,,,,,,,,,,,,,,,,,,,,,,
,,Антон,001,2023-02-08_21h07.26.857,learningnewwords,2022.2.4,MacIntel,58.82352941,0,7,7,7,1,22.jpg,22.wav,,,,,,,,,,,,,,,,,,,,,,,,,,,,,
,,Антон,001,2023-02-08_21h07.26.857,learningnewwords,2022.2.4,MacIntel,58.82352941,0,8,8,2,1,7.jpg,7.wav,,,,,,,,,,,,,,,,,,,,,,,,,,,,,
,,Антон,001,2023-02-08_21h07.26.857,learningnewwords,2022.2.4,MacIntel,58.82352941,0,9,9,17,1,49.jpg,49.wav,,,,,,,,,,,,,,,,,,,,,,,,,,,,,
,,Антон,001,2023-02-08_21h07.26.857,learningnewwords,2022.2.4,MacIntel,58.82352941,0,10,10,3,1,9.jpg,9.wav,,,,,,,,,,,,,,,,,,,,,,,,,,,,,
,,Антон,001,2023-02-08_21h07.26.857,learningnewwords,2022.2.4,MacIntel,58.82352941,0,11,11,15,1,43.jpg,43.wav,,,,,,,,,,,,,,,,,,,,,,,,,,,,,
,,Антон,001,2023-02-08_21h07.26.857,learningnewwords,2022.2.4,MacIntel,58.82352941,0,12,12,14,1,42.jpg,42.wav,,,,,,,,,,,,,,,,,,,,,,,,,,,,,
,,Антон,001,2023-02-08_21h07.26.857,learningnewwords,2022.2.4,MacIntel,58.82352941,0,13,13,13,1,37.jpg,37.wav,,,,,,,,,,,,,,,,,,,,,,,,,,,,,
,,Антон,001,2023-02-08_21h07.26.857,learningnewwords,2022.2.4,MacIntel,58.82352941,0,14,14,12,1,35.jpg,35.wav,,,,,,,,,,,,,,,,,,,,,,,,,,,,,
,,Антон,001,2023-02-08_21h07.26.857,learningnewwords,2022.2.4,MacIntel,58.82352941,0,15,15,5,1,15.jpg,15.wav,,,,,,,,,,,,,,,,,,,,,,,,,,,,,
,,Антон,001,2023-02-08_21h07.26.857,learningnewwords,2022.2.4,MacIntel,58.82352941,0,16,16,0,1,2.jpg,2.wav,,,,,,,,,,,,,,,,,,,,,,,,,,,,,
,,Антон,001,2023-02-08_21h07.26.857,learningnewwords,2022.2.4,MacIntel,58.82352941,0,17,17,11,1,33.jpg,33.wav,,,,,,,,,,,,,,,,,,,,,,,,,,,,,
,,Антон,001,2023-02-08_21h07.26.857,learningnewwords,2022.2.4,MacIntel,58.82352941,0,18,18,8,1,24.jpg,24.wav,,,,,,,,,,,,,,,,,,,,,,,,,,,,,
,,Антон,001,2023-02-08_21h07.26.857,learningnewwords,2022.2.4,MacIntel,58.82352941,0,19,19,1,1,4.jpg,4.wav,,,,,,,,,,,,,,,,,,,,,,,,,,,,,
,,Антон,001,2023-02-08_21h07.26.857,learningnewwords,2022.2.4,MacIntel,58.82352941,0,20,20,10,1,29.jpg,29.wav,,,,,,,,,,,,,,,,,,,,,,,,,,,,,
,,Антон,001,2023-02-08_21h07.26.857,learningnewwords,2022.2.4,MacIntel,58.82352941,,,,,,,,,3,0,3,0,1,,,,,,,,,,,,,,,,,,,,,,,
,,Антон,001,2023-02-08_21h07.26.857,learningnewwords,2022.2.4,MacIntel,58.82352941,0,0,0,17,1,49.jpg,49.wav,,,,,,,,,,,,,,,,,,,,,,,,,,,,,
,,Антон,001,2023-02-08_21h07.26.857,learningnewwords,2022.2.4,MacIntel,58.82352941,0,1,1,7,1,22.jpg,22.wav,,,,,,,,,,,,,,,,,,,,,,,,,,,,,
,,Антон,001,2023-02-08_21h07.26.857,learningnewwords,2022.2.4,MacIntel,58.82352941,0,2,2,11,1,33.jpg,33.wav,,,,,,,,,,,,,,,,,,,,,,,,,,,,,
,,Антон,001,2023-02-08_21h07.26.857,learningnewwords,2022.2.4,MacIntel,58.82352941,0,3,3,9,1,27.jpg,27.wav,,,,,,,,,,,,,,,,,,,,,,,,,,,,,
,,Антон,001,2023-02-08_21h07.26.857,learningnewwords,2022.2.4,MacIntel,58.82352941,0,4,4,10,1,29.jpg,29.wav,,,,,,,,,,,,,,,,,,,,,,,,,,,,,
,,Антон,001,2023-02-08_21h07.26.857,learningnewwords,2022.2.4,MacIntel,58.82352941,0,5,5,18,1,54.jpg,54.wav,,,,,,,,,,,,,,,,,,,,,,,,,,,,,
,,Антон,001,2023-02-08_21h07.26.857,learningnewwords,2022.2.4,MacIntel,58.82352941,0,6,6,8,1,24.jpg,24.wav,,,,,,,,,,,,,,,,,,,,,,,,,,,,,
,,Антон,001,2023-02-08_21h07.26.857,learningnewwords,2022.2.4,MacIntel,58.82352941,0,7,7,2,1,7.jpg,7.wav,,,,,,,,,,,,,,,,,,,,,,,,,,,,,
,,Антон,001,2023-02-08_21h07.26.857,learningnewwords,2022.2.4,MacIntel,58.82352941,0,8,8,15,1,43.jpg,43.wav,,,,,,,,,,,,,,,,,,,,,,,,,,,,,
,,Антон,001,2023-02-08_21h07.26.857,learningnewwords,2022.2.4,MacIntel,58.82352941,0,9,9,3,1,9.jpg,9.wav,,,,,,,,,,,,,,,,,,,,,,,,,,,,,
,,Антон,001,2023-02-08_21h07.26.857,learningnewwords,2022.2.4,MacIntel,58.82352941,0,10,10,12,1,35.jpg,35.wav,,,,,,,,,,,,,,,,,,,,,,,,,,,,,
,,Антон,001,2023-02-08_21h07.26.857,learningnewwords,2022.2.4,MacIntel,58.82352941,0,11,11,0,1,2.jpg,2.wav,,,,,,,,,,,,,,,,,,,,,,,,,,,,,
,,Антон,001,2023-02-08_21h07.26.857,learningnewwords,2022.2.4,MacIntel,58.82352941,0,12,12,1,1,4.jpg,4.wav,,,,,,,,,,,,,,,,,,,,,,,,,,,,,
,,Антон,001,2023-02-08_21h07.26.857,learningnewwords,2022.2.4,MacIntel,58.82352941,0,13,13,5,1,15.jpg,15.wav,,,,,,,,,,,,,,,,,,,,,,,,,,,,,
,,Антон,001,2023-02-08_21h07.26.857,learningnewwords,2022.2.4,MacIntel,58.82352941,0,14,14,6,1,18.jpg,18.wav,,,,,,,,,,,,,,,,,,,,,,,,,,,,,
,,Антон,001,2023-02-08_21h07.26.857,learningnewwords,2022.2.4,MacIntel,58.82352941,0,15,15,4,1,14.jpg,14.wav,,,,,,,,,,,,,,,,,,,,,,,,,,,,,
,,Антон,001,2023-02-08_21h07.26.857,learningnewwords,2022.2.4,MacIntel,58.82352941,0,16,16,20,1,57.jpg,57.wav,,,,,,,,,,,,,,,,,,,,,,,,,,,,,
,,Антон,001,2023-02-08_21h07.26.857,learningnewwords,2022.2.4,MacIntel,58.82352941,0,17,17,19,1,55.jpg,55.wav,,,,,,,,,,,,,,,,,,,,,,,,,,,,,
,,Антон,001,2023-02-08_21h07.26.857,learningnewwords,2022.2.4,MacIntel,58.82352941,0,18,18,13,1,37.jpg,37.wav,,,,,,,,,,,,,,,,,,,,,,,,,,,,,
,,Антон,001,2023-02-08_21h07.26.857,learningnewwords,2022.2.4,MacIntel,58.82352941,0,19,19,14,1,42.jpg,42.wav,,,,,,,,,,,,,,,,,,,,,,,,,,,,,
,,Антон,001,2023-02-08_21h07.26.857,learningnewwords,2022.2.4,MacIntel,58.82352941,0,20,20,16,1,47.jpg,47.wav,,,,,,,,,,,,,,,,,,,,,,,,,,,,,
,,Антон,001,2023-02-08_21h07.26.857,learningnewwords,2022.2.4,MacIntel,58.82352941,,,,,,,,,4,0,4,0,1,,,,,,,,,,,,,,,,,,,,,,,
,,Антон,001,2023-02-08_21h07.26.857,learningnewwords,2022.2.4,MacIntel,58.82352941,,,,,,,,,,,,,,space,26.864,,,,,,,,,,,,,,,,,,,,,
,,Антон,001,2023-02-08_21h07.26.857,learningnewwords,2022.2.4,MacIntel,58.82352941,,,,,,,,,,,,,,,,1,1,2.261,,0.138888889,-0.401587302,1,0,0,3.288,end,0,0,0,7,1,old22.jpg,22.wav,1,skalka,-
,,Антон,001,2023-02-08_21h07.26.857,learningnewwords,2022.2.4,MacIntel,58.82352941,,,,,,,,,,,,,,,,2,1,1.904,,0.076190476,-0.38015873,1,0,0,1.296,end,0,1,1,26,1,new13.jpg,n13.wav,2,-,+
,,Антон,001,2023-02-08_21h07.26.857,learningnewwords,2022.2.4,MacIntel,58.82352941,,,,,,,,,,,,,,,,1,1,1.438,,0.066666667,-0.402380952,1,0,0,2.246,end,0,2,2,15,1,old43.jpg,43.wav,1,sheet,0
,,Антон,001,2023-02-08_21h07.26.857,learningnewwords,2022.2.4,MacIntel,58.82352941,,,,,,,,,,,,,,,,2,1,1.405,,0.066666667,-0.401587302,1,0,0,0.93,end,0,3,3,33,1,new34.jpg,n34.wav,2,-,-
,,Антон,001,2023-02-08_21h07.26.857,learningnewwords,2022.2.4,MacIntel,58.82352941,,,,,,,,,,,,,,,,1,1,1.143,,0.066666667,-0.408730159,1,0,0,0.766,end,0,4,4,13,1,old37.jpg,37.wav,1,stoll,-
,,Антон,001,2023-02-08_21h07.26.857,learningnewwords,2022.2.4,MacIntel,58.82352941,,,,,,,,,,,,,,,,2,1,0.938,,0.065873016,-0.406349206,1,0,0,0.563,end,0,5,5,34,1,new37.jpg,n37.wav,2,-,-
,,Антон,001,2023-02-08_21h07.26.857,learningnewwords,2022.2.4,MacIntel,58.82352941,,,,,,,,,,,,,,,,1,1,0.922,,0.066666667,-0.404761905,1,0,0,0.595,end,0,6,6,2,1,old7.jpg,7.wav,1,bag,+
,,Антон,001,2023-02-08_21h07.26.857,learningnewwords,2022.2.4,MacIntel,58.82352941,,,,,,,,,,,,,,,,2,1,1.207,,0.066666667,-0.404761905,1,0,0,0.462,end,0,7,7,35,1,new41.jpg,n41.wav,2,-,0
,,Антон,001,2023-02-08_21h07.26.857,learningnewwords,2022.2.4,MacIntel,58.82352941,,,,,,,,,,,,,,,,1,1,1.072,,0.066666667,-0.404761905,1,0,0,0.195,end,0,8,8,16,1,old47.jpg,47.wav,1,guitar,0
,,Антон,001,2023-02-08_21h07.26.857,learningnewwords,2022.2.4,MacIntel,58.82352941,,,,,,,,,,,,,,,,2,1,1.004,,0.066666667,-0.404761905,1,0,0,0.329,end,0,9,9,41,1,new57.jpg,n57.wav,2,-,0
,,Антон,001,2023-02-08_21h07.26.857,learningnewwords,2022.2.4,MacIntel,58.82352941,,,,,,,,,,,,,,,,1,1,0.988,,0.066666667,-0.404761905,1,0,0,0.198,end,0,10,10,9,1,old27.jpg,27.wav,1,ring,-
,,Антон,001,2023-02-08_21h07.26.857,learningnewwords,2022.2.4,MacIntel,58.82352941,,,,,,,,,,,,,,,,1,1,0.887,,0.066666667,-0.404761905,1,0,0,0.229,end,0,11,11,5,1,old15.jpg,15.wav,1,gruzovik,+
,,Антон,001,2023-02-08_21h07.26.857,learningnewwords,2022.2.4,MacIntel,58.82352941,,,,,,,,,,,,,,,,2,1,1.006,,0.066666667,-0.404761905,1,0,0,0.181,end,0,12,12,28,1,new21.jpg,n21.wav,2,-,-
,,Антон,001,2023-02-08_21h07.26.857,learningnewwords,2022.2.4,MacIntel,58.82352941,,,,,,,,,,,,,,,,1,1,0.776,,0.066666667,-0.404761905,1,0,0,0.179,end,0,13,13,1,1,old4.jpg,4.wav,1,bike,+
,,Антон,001,2023-02-08_21h07.26.857,learningnewwords,2022.2.4,MacIntel,58.82352941,,,,,,,,,,,,,,,,1,1,1.123,,0.066666667,-0.404761905,1,0,0,0.166,end,0,14,14,10,1,old29.jpg,29.wav,1,doorhand,-
,,Антон,001,2023-02-08_21h07.26.857,learningnewwords,2022.2.4,MacIntel,58.82352941,,,,,,,,,,,,,,,,1,1,1.256,,0.050793651,-0.403968254,1,0,0,0.164,end,0,15,15,12,1,old35.jpg,35.wav,1,umbrella,-
,,Антон,001,2023-02-08_21h07.26.857,learningnewwords,2022.2.4,MacIntel,58.82352941,,,,,,,,,,,,,,,,1,1,0.99,,0.046031746,-0.396031746,1,0,0,0.28,end,0,16,16,8,1,old24.jpg,24.wav,1,nose,-
,,Антон,001,2023-02-08_21h07.26.857,learningnewwords,2022.2.4,MacIntel,58.82352941,,,,,,,,,,,,,,,,1,1,1.006,,0.042857143,-0.38968254,1,0,0,0.195,end,0,17,17,14,1,old42.jpg,42.wav,1,car,0
,,Антон,001,2023-02-08_21h07.26.857,learningnewwords,2022.2.4,MacIntel,58.82352941,,,,,,,,,,,,,,,,2,1,0.855,,0.03968254,-0.392063492,1,0,0,0.348,end,0,18,18,31,1,new26.jpg,n26.wav,2,-,-
,,Антон,001,2023-02-08_21h07.26.857,learningnewwords,2022.2.4,MacIntel,58.82352941,,,,,,,,,,,,,,,,1,1,0.922,,0.038888889,-0.392857143,1,0,0,0.213,end,0,19,19,20,1,old57.jpg,57.wav,1,traffic,0
,,Антон,001,2023-02-08_21h07.26.857,learningnewwords,2022.2.4,MacIntel,58.82352941,,,,,,,,,,,,,,,,2,1,0.961,,0.038888889,-0.392857143,1,0,0,0.248,end,0,20,20,27,1,new17.jpg,n17.wav,2,-,+
,,Антон,001,2023-02-08_21h07.26.857,learningnewwords,2022.2.4,MacIntel,58.82352941,,,,,,,,,,,,,,,,2,0,3.244,,0.03968254,-0.391269841,1,0,0,0.146,end,0,21,21,0,1,old2.jpg,2.wav,1,gloves,+
,,Антон,001,2023-02-08_21h07.26.857,learningnewwords,2022.2.4,MacIntel,58.82352941,,,,,,,,,,,,,,,,1,1,0.889,,0.036507937,-0.392063492,1,0,0,0.197,end,0,22,22,4,1,old14.jpg,14.wav,1,skovoroda,+
,,Антон,001,2023-02-08_21h07.26.857,learningnewwords,2022.2.4,MacIntel,58.82352941,,,,,,,,,,,,,,,,1,1,0.956,,0.037301587,-0.392063492,1,0,0,0.547,end,0,23,23,18,1,old54.jpg,54.wav,1,linear,0
,,Антон,001,2023-02-08_21h07.26.857,learningnewwords,2022.2.4,MacIntel,58.82352941,,,,,,,,,,,,,,,,2,1,1.11,,0.035714286,-0.391269841,1,0,0,0.264,end,0,24,24,22,1,new2.jpg,n2.wav,2,-,+
,,Антон,001,2023-02-08_21h07.26.857,learningnewwords,2022.2.4,MacIntel,58.82352941,,,,,,,,,,,,,,,,2,0,1.136,,0.035714286,-0.391269841,1,0,0,0.282,end,0,25,25,6,1,old18.jpg,18.wav,1,sofa,+
,,Антон,001,2023-02-08_21h07.26.857,learningnewwords,2022.2.4,MacIntel,58.82352941,,,,,,,,,,,,,,,,2,1,0.922,,0.035714286,-0.391269841,1,0,0,0.397,end,0,26,26,30,1,new24.jpg,n24.wav,2,-,-
,,Антон,001,2023-02-08_21h07.26.857,learningnewwords,2022.2.4,MacIntel,58.82352941,,,,,,,,,,,,,,,,2,1,0.905,,0.035714286,-0.391269841,1,0,0,0.263,end,0,27,27,29,1,new22.jpg,n22.wav,2,-,-
,,Антон,001,2023-02-08_21h07.26.857,learningnewwords,2022.2.4,MacIntel,58.82352941,,,,,,,,,,,,,,,,2,1,0.855,,0.035714286,-0.391269841,1,0,0,0.396,end,0,28,28,32,1,new27.jpg,n27.wav,2,-,-
,,Антон,001,2023-02-08_21h07.26.857,learningnewwords,2022.2.4,MacIntel,58.82352941,,,,,,,,,,,,,,,,1,1,0.906,,0.035714286,-0.391269841,1,0,0,0.247,end,0,29,29,19,1,old55.jpg,55.wav,1,stakan,0
,,Антон,001,2023-02-08_21h07.26.857,learningnewwords,2022.2.4,MacIntel,58.82352941,,,,,,,,,,,,,,,,2,1,0.825,,0.035714286,-0.391269841,1,0,0,0.198,end,0,30,30,24,1,new6.jpg,n6.wav,2,-,+
,,Антон,001,2023-02-08_21h07.26.857,learningnewwords,2022.2.4,MacIntel,58.82352941,,,,,,,,,,,,,,,,2,1,1.038,,0.035714286,-0.391269841,1,0,0,0.263,end,0,31,31,36,1,new42.jpg,n42.wav,2,-,0
,,Антон,001,2023-02-08_21h07.26.857,learningnewwords,2022.2.4,MacIntel,58.82352941,,,,,,,,,,,,,,,,2,1,0.776,,0.035714286,-0.391269841,1,0,0,0.415,end,0,32,32,39,1,new48.jpg,n48.wav,2,-,0
,,Антон,001,2023-02-08_21h07.26.857,learningnewwords,2022.2.4,MacIntel,58.82352941,,,,,,,,,,,,,,,,1,1,0.903,,0.035714286,-0.391269841,1,0,0,0.38,end,0,33,33,17,1,old49.jpg,49.wav,1,snail,0
,,Антон,001,2023-02-08_21h07.26.857,learningnewwords,2022.2.4,MacIntel,58.82352941,,,,,,,,,,,,,,,,2,1,1.575,,0.035714286,-0.391269841,1,0,0,0.679,end,0,34,34,23,1,new4.jpg,n4.wav,2,-,+
,,Антон,001,2023-02-08_21h07.26.857,learningnewwords,2022.2.4,MacIntel,58.82352941,,,,,,,,,,,,,,,,2,1,1.039,,0.035714286,-0.391269841,1,0,0,0.397,end,0,35,35,37,1,new44.jpg,n44.wav,2,-,0
,,Антон,001,2023-02-08_21h07.26.857,learningnewwords,2022.2.4,MacIntel,58.82352941,,,,,,,,,,,,,,,,2,1,0.874,,0.035714286,-0.391269841,1,0,0,0.397,end,0,36,36,38,1,new46.jpg,n46.wav,2,-,0
,,Антон,001,2023-02-08_21h07.26.857,learningnewwords,2022.2.4,MacIntel,58.82352941,,,,,,,,,,,,,,,,2,1,0.772,,0.035714286,-0.391269841,1,0,0,0.481,end,0,37,37,25,1,new7.jpg,n7.wav,2,-,+
,,Антон,001,2023-02-08_21h07.26.857,learningnewwords,2022.2.4,MacIntel,58.82352941,,,,,,,,,,,,,,,,1,1,0.924,,0.035714286,-0.391269841,1,0,0,0.414,end,0,38,38,3,1,old9.jpg,9.wav,1,arm,+
,,Антон,001,2023-02-08_21h07.26.857,learningnewwords,2022.2.4,MacIntel,58.82352941,,,,,,,,,,,,,,,,2,1,1.273,,0.035714286,-0.391269841,1,0,0,0.347,end,0,39,39,21,1,new1.jpg,n1.wav,2,-,+
,,Антон,001,2023-02-08_21h07.26.857,learningnewwords,2022.2.4,MacIntel,58.82352941,,,,,,,,,,,,,,,,2,1,0.822,,0.035714286,-0.391269841,1,0,0,0.43,end,0,40,40,40,1,new54.jpg,n54.wav,2,-,0
,,Антон,001,2023-02-08_21h07.26.857,learningnewwords,2022.2.4,MacIntel,58.82352941,,,,,,,,,,,,,,,,1,1,0.94,,0.035714286,-0.391269841,1,0,0,0.38,end,0,41,41,11,1,old33.jpg,33.wav,1,varezhka,-
