﻿key_resp.keys,key_resp.rt,participant,session,date,expName,psychopyVersion,OS,frameRate,trials.thisRepN,trials.thisTrialN,trials.thisN,trials.thisIndex,trials.ran,img,audio,key_resp_4.keys,key_resp_4.rt,trials_2.thisRepN,trials_2.thisTrialN,trials_2.thisN,trials_2.thisIndex,trials_2.ran,key_resp_2.keys,key_resp_2.rt,key_resp_3.keys,key_resp_3.corr,key_resp_3.rt,textbox.text,mouse.x,mouse.y,mouse.leftButton,mouse.midButton,mouse.rightButton,mouse.time,mouse.clicked_name,trials_3.thisRepN,trials_3.thisTrialN,trials_3.thisN,trials_3.thisIndex,trials_3.ran,im,aud,key,what,q
space,16.8401,Yuliia Parshina,001,2023-02-22_16h58.59.919,learningnewwords,2022.2.4,MacIntel,60.0024001,,,,,,,,,,,,,,,,,,,,,,,,,,,,,,,,,,,,,
,,Yuliia Parshina,001,2023-02-22_16h58.59.919,learningnewwords,2022.2.4,MacIntel,60.0024001,0,0,0,4,1,14.jpg,14.wav,,,,,,,,,,,,,,,,,,,,,,,,,,,,,,
,,Yuliia Parshina,001,2023-02-22_16h58.59.919,learningnewwords,2022.2.4,MacIntel,60.0024001,0,1,1,17,1,49.jpg,49.wav,,,,,,,,,,,,,,,,,,,,,,,,,,,,,,
,,Yuliia Parshina,001,2023-02-22_16h58.59.919,learningnewwords,2022.2.4,MacIntel,60.0024001,0,2,2,19,1,55.jpg,55.wav,,,,,,,,,,,,,,,,,,,,,,,,,,,,,,
,,Yuliia Parshina,001,2023-02-22_16h58.59.919,learningnewwords,2022.2.4,MacIntel,60.0024001,0,3,3,1,1,4.jpg,4.wav,,,,,,,,,,,,,,,,,,,,,,,,,,,,,,
,,Yuliia Parshina,001,2023-02-22_16h58.59.919,learningnewwords,2022.2.4,MacIntel,60.0024001,0,4,4,5,1,15.jpg,15.wav,,,,,,,,,,,,,,,,,,,,,,,,,,,,,,
,,Yuliia Parshina,001,2023-02-22_16h58.59.919,learningnewwords,2022.2.4,MacIntel,60.0024001,0,5,5,15,1,43.jpg,43.wav,,,,,,,,,,,,,,,,,,,,,,,,,,,,,,
,,Yuliia Parshina,001,2023-02-22_16h58.59.919,learningnewwords,2022.2.4,MacIntel,60.0024001,0,6,6,9,1,27.jpg,27.wav,,,,,,,,,,,,,,,,,,,,,,,,,,,,,,
,,Yuliia Parshina,001,2023-02-22_16h58.59.919,learningnewwords,2022.2.4,MacIntel,60.0024001,0,7,7,12,1,35.jpg,35.wav,,,,,,,,,,,,,,,,,,,,,,,,,,,,,,
,,Yuliia Parshina,001,2023-02-22_16h58.59.919,learningnewwords,2022.2.4,MacIntel,60.0024001,0,8,8,20,1,57.jpg,57.wav,,,,,,,,,,,,,,,,,,,,,,,,,,,,,,
,,Yuliia Parshina,001,2023-02-22_16h58.59.919,learningnewwords,2022.2.4,MacIntel,60.0024001,0,9,9,10,1,29.jpg,29.wav,,,,,,,,,,,,,,,,,,,,,,,,,,,,,,
,,Yuliia Parshina,001,2023-02-22_16h58.59.919,learningnewwords,2022.2.4,MacIntel,60.0024001,0,10,10,14,1,42.jpg,42.wav,,,,,,,,,,,,,,,,,,,,,,,,,,,,,,
,,Yuliia Parshina,001,2023-02-22_16h58.59.919,learningnewwords,2022.2.4,MacIntel,60.0024001,0,11,11,6,1,18.jpg,18.wav,,,,,,,,,,,,,,,,,,,,,,,,,,,,,,
,,Yuliia Parshina,001,2023-02-22_16h58.59.919,learningnewwords,2022.2.4,MacIntel,60.0024001,0,12,12,18,1,54.jpg,54.wav,,,,,,,,,,,,,,,,,,,,,,,,,,,,,,
,,Yuliia Parshina,001,2023-02-22_16h58.59.919,learningnewwords,2022.2.4,MacIntel,60.0024001,0,13,13,7,1,22.jpg,22.wav,,,,,,,,,,,,,,,,,,,,,,,,,,,,,,
,,Yuliia Parshina,001,2023-02-22_16h58.59.919,learningnewwords,2022.2.4,MacIntel,60.0024001,0,14,14,8,1,24.jpg,24.wav,,,,,,,,,,,,,,,,,,,,,,,,,,,,,,
,,Yuliia Parshina,001,2023-02-22_16h58.59.919,learningnewwords,2022.2.4,MacIntel,60.0024001,0,15,15,11,1,33.jpg,33.wav,,,,,,,,,,,,,,,,,,,,,,,,,,,,,,
,,Yuliia Parshina,001,2023-02-22_16h58.59.919,learningnewwords,2022.2.4,MacIntel,60.0024001,0,16,16,13,1,37.jpg,37.wav,,,,,,,,,,,,,,,,,,,,,,,,,,,,,,
,,Yuliia Parshina,001,2023-02-22_16h58.59.919,learningnewwords,2022.2.4,MacIntel,60.0024001,0,17,17,2,1,7.jpg,7.wav,,,,,,,,,,,,,,,,,,,,,,,,,,,,,,
,,Yuliia Parshina,001,2023-02-22_16h58.59.919,learningnewwords,2022.2.4,MacIntel,60.0024001,0,18,18,3,1,9.jpg,9.wav,,,,,,,,,,,,,,,,,,,,,,,,,,,,,,
,,Yuliia Parshina,001,2023-02-22_16h58.59.919,learningnewwords,2022.2.4,MacIntel,60.0024001,0,19,19,16,1,47.jpg,47.wav,,,,,,,,,,,,,,,,,,,,,,,,,,,,,,
,,Yuliia Parshina,001,2023-02-22_16h58.59.919,learningnewwords,2022.2.4,MacIntel,60.0024001,0,20,20,0,1,2.jpg,2.wav,,,,,,,,,,,,,,,,,,,,,,,,,,,,,,
,,Yuliia Parshina,001,2023-02-22_16h58.59.919,learningnewwords,2022.2.4,MacIntel,60.0024001,,,,,,,,space,11.4489,0,0,0,0,1,,,,,,,,,,,,,,,,,,,,,,,
,,Yuliia Parshina,001,2023-02-22_16h58.59.919,learningnewwords,2022.2.4,MacIntel,60.0024001,0,0,0,0,1,2.jpg,2.wav,,,,,,,,,,,,,,,,,,,,,,,,,,,,,,
,,Yuliia Parshina,001,2023-02-22_16h58.59.919,learningnewwords,2022.2.4,MacIntel,60.0024001,0,1,1,11,1,33.jpg,33.wav,,,,,,,,,,,,,,,,,,,,,,,,,,,,,,
,,Yuliia Parshina,001,2023-02-22_16h58.59.919,learningnewwords,2022.2.4,MacIntel,60.0024001,0,2,2,2,1,7.jpg,7.wav,,,,,,,,,,,,,,,,,,,,,,,,,,,,,,
,,Yuliia Parshina,001,2023-02-22_16h58.59.919,learningnewwords,2022.2.4,MacIntel,60.0024001,0,3,3,15,1,43.jpg,43.wav,,,,,,,,,,,,,,,,,,,,,,,,,,,,,,
,,Yuliia Parshina,001,2023-02-22_16h58.59.919,learningnewwords,2022.2.4,MacIntel,60.0024001,0,4,4,16,1,47.jpg,47.wav,,,,,,,,,,,,,,,,,,,,,,,,,,,,,,
,,Yuliia Parshina,001,2023-02-22_16h58.59.919,learningnewwords,2022.2.4,MacIntel,60.0024001,0,5,5,10,1,29.jpg,29.wav,,,,,,,,,,,,,,,,,,,,,,,,,,,,,,
,,Yuliia Parshina,001,2023-02-22_16h58.59.919,learningnewwords,2022.2.4,MacIntel,60.0024001,0,6,6,1,1,4.jpg,4.wav,,,,,,,,,,,,,,,,,,,,,,,,,,,,,,
,,Yuliia Parshina,001,2023-02-22_16h58.59.919,learningnewwords,2022.2.4,MacIntel,60.0024001,0,7,7,3,1,9.jpg,9.wav,,,,,,,,,,,,,,,,,,,,,,,,,,,,,,
,,Yuliia Parshina,001,2023-02-22_16h58.59.919,learningnewwords,2022.2.4,MacIntel,60.0024001,0,8,8,9,1,27.jpg,27.wav,,,,,,,,,,,,,,,,,,,,,,,,,,,,,,
,,Yuliia Parshina,001,2023-02-22_16h58.59.919,learningnewwords,2022.2.4,MacIntel,60.0024001,0,9,9,17,1,49.jpg,49.wav,,,,,,,,,,,,,,,,,,,,,,,,,,,,,,
,,Yuliia Parshina,001,2023-02-22_16h58.59.919,learningnewwords,2022.2.4,MacIntel,60.0024001,0,10,10,18,1,54.jpg,54.wav,,,,,,,,,,,,,,,,,,,,,,,,,,,,,,
,,Yuliia Parshina,001,2023-02-22_16h58.59.919,learningnewwords,2022.2.4,MacIntel,60.0024001,0,11,11,8,1,24.jpg,24.wav,,,,,,,,,,,,,,,,,,,,,,,,,,,,,,
,,Yuliia Parshina,001,2023-02-22_16h58.59.919,learningnewwords,2022.2.4,MacIntel,60.0024001,0,12,12,20,1,57.jpg,57.wav,,,,,,,,,,,,,,,,,,,,,,,,,,,,,,
,,Yuliia Parshina,001,2023-02-22_16h58.59.919,learningnewwords,2022.2.4,MacIntel,60.0024001,0,13,13,13,1,37.jpg,37.wav,,,,,,,,,,,,,,,,,,,,,,,,,,,,,,
,,Yuliia Parshina,001,2023-02-22_16h58.59.919,learningnewwords,2022.2.4,MacIntel,60.0024001,0,14,14,14,1,42.jpg,42.wav,,,,,,,,,,,,,,,,,,,,,,,,,,,,,,
,,Yuliia Parshina,001,2023-02-22_16h58.59.919,learningnewwords,2022.2.4,MacIntel,60.0024001,0,15,15,4,1,14.jpg,14.wav,,,,,,,,,,,,,,,,,,,,,,,,,,,,,,
,,Yuliia Parshina,001,2023-02-22_16h58.59.919,learningnewwords,2022.2.4,MacIntel,60.0024001,0,16,16,6,1,18.jpg,18.wav,,,,,,,,,,,,,,,,,,,,,,,,,,,,,,
,,Yuliia Parshina,001,2023-02-22_16h58.59.919,learningnewwords,2022.2.4,MacIntel,60.0024001,0,17,17,19,1,55.jpg,55.wav,,,,,,,,,,,,,,,,,,,,,,,,,,,,,,
,,Yuliia Parshina,001,2023-02-22_16h58.59.919,learningnewwords,2022.2.4,MacIntel,60.0024001,0,18,18,7,1,22.jpg,22.wav,,,,,,,,,,,,,,,,,,,,,,,,,,,,,,
,,Yuliia Parshina,001,2023-02-22_16h58.59.919,learningnewwords,2022.2.4,MacIntel,60.0024001,0,19,19,5,1,15.jpg,15.wav,,,,,,,,,,,,,,,,,,,,,,,,,,,,,,
,,Yuliia Parshina,001,2023-02-22_16h58.59.919,learningnewwords,2022.2.4,MacIntel,60.0024001,0,20,20,12,1,35.jpg,35.wav,,,,,,,,,,,,,,,,,,,,,,,,,,,,,,
,,Yuliia Parshina,001,2023-02-22_16h58.59.919,learningnewwords,2022.2.4,MacIntel,60.0024001,,,,,,,,space,8.8069,1,0,1,0,1,,,,,,,,,,,,,,,,,,,,,,,
,,Yuliia Parshina,001,2023-02-22_16h58.59.919,learningnewwords,2022.2.4,MacIntel,60.0024001,0,0,0,0,1,2.jpg,2.wav,,,,,,,,,,,,,,,,,,,,,,,,,,,,,,
,,Yuliia Parshina,001,2023-02-22_16h58.59.919,learningnewwords,2022.2.4,MacIntel,60.0024001,0,1,1,18,1,54.jpg,54.wav,,,,,,,,,,,,,,,,,,,,,,,,,,,,,,
,,Yuliia Parshina,001,2023-02-22_16h58.59.919,learningnewwords,2022.2.4,MacIntel,60.0024001,0,2,2,9,1,27.jpg,27.wav,,,,,,,,,,,,,,,,,,,,,,,,,,,,,,
,,Yuliia Parshina,001,2023-02-22_16h58.59.919,learningnewwords,2022.2.4,MacIntel,60.0024001,0,3,3,17,1,49.jpg,49.wav,,,,,,,,,,,,,,,,,,,,,,,,,,,,,,
,,Yuliia Parshina,001,2023-02-22_16h58.59.919,learningnewwords,2022.2.4,MacIntel,60.0024001,0,4,4,16,1,47.jpg,47.wav,,,,,,,,,,,,,,,,,,,,,,,,,,,,,,
,,Yuliia Parshina,001,2023-02-22_16h58.59.919,learningnewwords,2022.2.4,MacIntel,60.0024001,0,5,5,1,1,4.jpg,4.wav,,,,,,,,,,,,,,,,,,,,,,,,,,,,,,
,,Yuliia Parshina,001,2023-02-22_16h58.59.919,learningnewwords,2022.2.4,MacIntel,60.0024001,0,6,6,10,1,29.jpg,29.wav,,,,,,,,,,,,,,,,,,,,,,,,,,,,,,
,,Yuliia Parshina,001,2023-02-22_16h58.59.919,learningnewwords,2022.2.4,MacIntel,60.0024001,0,7,7,8,1,24.jpg,24.wav,,,,,,,,,,,,,,,,,,,,,,,,,,,,,,
,,Yuliia Parshina,001,2023-02-22_16h58.59.919,learningnewwords,2022.2.4,MacIntel,60.0024001,0,8,8,11,1,33.jpg,33.wav,,,,,,,,,,,,,,,,,,,,,,,,,,,,,,
,,Yuliia Parshina,001,2023-02-22_16h58.59.919,learningnewwords,2022.2.4,MacIntel,60.0024001,0,9,9,5,1,15.jpg,15.wav,,,,,,,,,,,,,,,,,,,,,,,,,,,,,,
,,Yuliia Parshina,001,2023-02-22_16h58.59.919,learningnewwords,2022.2.4,MacIntel,60.0024001,0,10,10,20,1,57.jpg,57.wav,,,,,,,,,,,,,,,,,,,,,,,,,,,,,,
,,Yuliia Parshina,001,2023-02-22_16h58.59.919,learningnewwords,2022.2.4,MacIntel,60.0024001,0,11,11,13,1,37.jpg,37.wav,,,,,,,,,,,,,,,,,,,,,,,,,,,,,,
,,Yuliia Parshina,001,2023-02-22_16h58.59.919,learningnewwords,2022.2.4,MacIntel,60.0024001,0,12,12,3,1,9.jpg,9.wav,,,,,,,,,,,,,,,,,,,,,,,,,,,,,,
,,Yuliia Parshina,001,2023-02-22_16h58.59.919,learningnewwords,2022.2.4,MacIntel,60.0024001,0,13,13,15,1,43.jpg,43.wav,,,,,,,,,,,,,,,,,,,,,,,,,,,,,,
,,Yuliia Parshina,001,2023-02-22_16h58.59.919,learningnewwords,2022.2.4,MacIntel,60.0024001,0,14,14,6,1,18.jpg,18.wav,,,,,,,,,,,,,,,,,,,,,,,,,,,,,,
,,Yuliia Parshina,001,2023-02-22_16h58.59.919,learningnewwords,2022.2.4,MacIntel,60.0024001,0,15,15,4,1,14.jpg,14.wav,,,,,,,,,,,,,,,,,,,,,,,,,,,,,,
,,Yuliia Parshina,001,2023-02-22_16h58.59.919,learningnewwords,2022.2.4,MacIntel,60.0024001,0,16,16,12,1,35.jpg,35.wav,,,,,,,,,,,,,,,,,,,,,,,,,,,,,,
,,Yuliia Parshina,001,2023-02-22_16h58.59.919,learningnewwords,2022.2.4,MacIntel,60.0024001,0,17,17,7,1,22.jpg,22.wav,,,,,,,,,,,,,,,,,,,,,,,,,,,,,,
,,Yuliia Parshina,001,2023-02-22_16h58.59.919,learningnewwords,2022.2.4,MacIntel,60.0024001,0,18,18,14,1,42.jpg,42.wav,,,,,,,,,,,,,,,,,,,,,,,,,,,,,,
,,Yuliia Parshina,001,2023-02-22_16h58.59.919,learningnewwords,2022.2.4,MacIntel,60.0024001,0,19,19,2,1,7.jpg,7.wav,,,,,,,,,,,,,,,,,,,,,,,,,,,,,,
,,Yuliia Parshina,001,2023-02-22_16h58.59.919,learningnewwords,2022.2.4,MacIntel,60.0024001,0,20,20,19,1,55.jpg,55.wav,,,,,,,,,,,,,,,,,,,,,,,,,,,,,,
,,Yuliia Parshina,001,2023-02-22_16h58.59.919,learningnewwords,2022.2.4,MacIntel,60.0024001,,,,,,,,space,9.3034,2,0,2,0,1,,,,,,,,,,,,,,,,,,,,,,,
,,Yuliia Parshina,001,2023-02-22_16h58.59.919,learningnewwords,2022.2.4,MacIntel,60.0024001,0,0,0,8,1,24.jpg,24.wav,,,,,,,,,,,,,,,,,,,,,,,,,,,,,,
,,Yuliia Parshina,001,2023-02-22_16h58.59.919,learningnewwords,2022.2.4,MacIntel,60.0024001,0,1,1,6,1,18.jpg,18.wav,,,,,,,,,,,,,,,,,,,,,,,,,,,,,,
,,Yuliia Parshina,001,2023-02-22_16h58.59.919,learningnewwords,2022.2.4,MacIntel,60.0024001,0,2,2,18,1,54.jpg,54.wav,,,,,,,,,,,,,,,,,,,,,,,,,,,,,,
,,Yuliia Parshina,001,2023-02-22_16h58.59.919,learningnewwords,2022.2.4,MacIntel,60.0024001,0,3,3,13,1,37.jpg,37.wav,,,,,,,,,,,,,,,,,,,,,,,,,,,,,,
,,Yuliia Parshina,001,2023-02-22_16h58.59.919,learningnewwords,2022.2.4,MacIntel,60.0024001,0,4,4,19,1,55.jpg,55.wav,,,,,,,,,,,,,,,,,,,,,,,,,,,,,,
,,Yuliia Parshina,001,2023-02-22_16h58.59.919,learningnewwords,2022.2.4,MacIntel,60.0024001,0,5,5,9,1,27.jpg,27.wav,,,,,,,,,,,,,,,,,,,,,,,,,,,,,,
,,Yuliia Parshina,001,2023-02-22_16h58.59.919,learningnewwords,2022.2.4,MacIntel,60.0024001,0,6,6,10,1,29.jpg,29.wav,,,,,,,,,,,,,,,,,,,,,,,,,,,,,,
,,Yuliia Parshina,001,2023-02-22_16h58.59.919,learningnewwords,2022.2.4,MacIntel,60.0024001,0,7,7,20,1,57.jpg,57.wav,,,,,,,,,,,,,,,,,,,,,,,,,,,,,,
,,Yuliia Parshina,001,2023-02-22_16h58.59.919,learningnewwords,2022.2.4,MacIntel,60.0024001,0,8,8,1,1,4.jpg,4.wav,,,,,,,,,,,,,,,,,,,,,,,,,,,,,,
,,Yuliia Parshina,001,2023-02-22_16h58.59.919,learningnewwords,2022.2.4,MacIntel,60.0024001,0,9,9,7,1,22.jpg,22.wav,,,,,,,,,,,,,,,,,,,,,,,,,,,,,,
,,Yuliia Parshina,001,2023-02-22_16h58.59.919,learningnewwords,2022.2.4,MacIntel,60.0024001,0,10,10,14,1,42.jpg,42.wav,,,,,,,,,,,,,,,,,,,,,,,,,,,,,,
,,Yuliia Parshina,001,2023-02-22_16h58.59.919,learningnewwords,2022.2.4,MacIntel,60.0024001,0,11,11,5,1,15.jpg,15.wav,,,,,,,,,,,,,,,,,,,,,,,,,,,,,,
,,Yuliia Parshina,001,2023-02-22_16h58.59.919,learningnewwords,2022.2.4,MacIntel,60.0024001,0,12,12,4,1,14.jpg,14.wav,,,,,,,,,,,,,,,,,,,,,,,,,,,,,,
,,Yuliia Parshina,001,2023-02-22_16h58.59.919,learningnewwords,2022.2.4,MacIntel,60.0024001,0,13,13,3,1,9.jpg,9.wav,,,,,,,,,,,,,,,,,,,,,,,,,,,,,,
,,Yuliia Parshina,001,2023-02-22_16h58.59.919,learningnewwords,2022.2.4,MacIntel,60.0024001,0,14,14,16,1,47.jpg,47.wav,,,,,,,,,,,,,,,,,,,,,,,,,,,,,,
,,Yuliia Parshina,001,2023-02-22_16h58.59.919,learningnewwords,2022.2.4,MacIntel,60.0024001,0,15,15,12,1,35.jpg,35.wav,,,,,,,,,,,,,,,,,,,,,,,,,,,,,,
,,Yuliia Parshina,001,2023-02-22_16h58.59.919,learningnewwords,2022.2.4,MacIntel,60.0024001,0,16,16,11,1,33.jpg,33.wav,,,,,,,,,,,,,,,,,,,,,,,,,,,,,,
,,Yuliia Parshina,001,2023-02-22_16h58.59.919,learningnewwords,2022.2.4,MacIntel,60.0024001,0,17,17,0,1,2.jpg,2.wav,,,,,,,,,,,,,,,,,,,,,,,,,,,,,,
,,Yuliia Parshina,001,2023-02-22_16h58.59.919,learningnewwords,2022.2.4,MacIntel,60.0024001,0,18,18,2,1,7.jpg,7.wav,,,,,,,,,,,,,,,,,,,,,,,,,,,,,,
,,Yuliia Parshina,001,2023-02-22_16h58.59.919,learningnewwords,2022.2.4,MacIntel,60.0024001,0,19,19,17,1,49.jpg,49.wav,,,,,,,,,,,,,,,,,,,,,,,,,,,,,,
,,Yuliia Parshina,001,2023-02-22_16h58.59.919,learningnewwords,2022.2.4,MacIntel,60.0024001,0,20,20,15,1,43.jpg,43.wav,,,,,,,,,,,,,,,,,,,,,,,,,,,,,,
,,Yuliia Parshina,001,2023-02-22_16h58.59.919,learningnewwords,2022.2.4,MacIntel,60.0024001,,,,,,,,space,8.4235,3,0,3,0,1,,,,,,,,,,,,,,,,,,,,,,,
,,Yuliia Parshina,001,2023-02-22_16h58.59.919,learningnewwords,2022.2.4,MacIntel,60.0024001,0,0,0,1,1,4.jpg,4.wav,,,,,,,,,,,,,,,,,,,,,,,,,,,,,,
,,Yuliia Parshina,001,2023-02-22_16h58.59.919,learningnewwords,2022.2.4,MacIntel,60.0024001,0,1,1,6,1,18.jpg,18.wav,,,,,,,,,,,,,,,,,,,,,,,,,,,,,,
,,Yuliia Parshina,001,2023-02-22_16h58.59.919,learningnewwords,2022.2.4,MacIntel,60.0024001,0,2,2,11,1,33.jpg,33.wav,,,,,,,,,,,,,,,,,,,,,,,,,,,,,,
,,Yuliia Parshina,001,2023-02-22_16h58.59.919,learningnewwords,2022.2.4,MacIntel,60.0024001,0,3,3,5,1,15.jpg,15.wav,,,,,,,,,,,,,,,,,,,,,,,,,,,,,,
,,Yuliia Parshina,001,2023-02-22_16h58.59.919,learningnewwords,2022.2.4,MacIntel,60.0024001,0,4,4,0,1,2.jpg,2.wav,,,,,,,,,,,,,,,,,,,,,,,,,,,,,,
,,Yuliia Parshina,001,2023-02-22_16h58.59.919,learningnewwords,2022.2.4,MacIntel,60.0024001,0,5,5,16,1,47.jpg,47.wav,,,,,,,,,,,,,,,,,,,,,,,,,,,,,,
,,Yuliia Parshina,001,2023-02-22_16h58.59.919,learningnewwords,2022.2.4,MacIntel,60.0024001,0,6,6,19,1,55.jpg,55.wav,,,,,,,,,,,,,,,,,,,,,,,,,,,,,,
,,Yuliia Parshina,001,2023-02-22_16h58.59.919,learningnewwords,2022.2.4,MacIntel,60.0024001,0,7,7,2,1,7.jpg,7.wav,,,,,,,,,,,,,,,,,,,,,,,,,,,,,,
,,Yuliia Parshina,001,2023-02-22_16h58.59.919,learningnewwords,2022.2.4,MacIntel,60.0024001,0,8,8,8,1,24.jpg,24.wav,,,,,,,,,,,,,,,,,,,,,,,,,,,,,,
,,Yuliia Parshina,001,2023-02-22_16h58.59.919,learningnewwords,2022.2.4,MacIntel,60.0024001,0,9,9,15,1,43.jpg,43.wav,,,,,,,,,,,,,,,,,,,,,,,,,,,,,,
,,Yuliia Parshina,001,2023-02-22_16h58.59.919,learningnewwords,2022.2.4,MacIntel,60.0024001,0,10,10,17,1,49.jpg,49.wav,,,,,,,,,,,,,,,,,,,,,,,,,,,,,,
,,Yuliia Parshina,001,2023-02-22_16h58.59.919,learningnewwords,2022.2.4,MacIntel,60.0024001,0,11,11,4,1,14.jpg,14.wav,,,,,,,,,,,,,,,,,,,,,,,,,,,,,,
,,Yuliia Parshina,001,2023-02-22_16h58.59.919,learningnewwords,2022.2.4,MacIntel,60.0024001,0,12,12,12,1,35.jpg,35.wav,,,,,,,,,,,,,,,,,,,,,,,,,,,,,,
,,Yuliia Parshina,001,2023-02-22_16h58.59.919,learningnewwords,2022.2.4,MacIntel,60.0024001,0,13,13,20,1,57.jpg,57.wav,,,,,,,,,,,,,,,,,,,,,,,,,,,,,,
,,Yuliia Parshina,001,2023-02-22_16h58.59.919,learningnewwords,2022.2.4,MacIntel,60.0024001,0,14,14,7,1,22.jpg,22.wav,,,,,,,,,,,,,,,,,,,,,,,,,,,,,,
,,Yuliia Parshina,001,2023-02-22_16h58.59.919,learningnewwords,2022.2.4,MacIntel,60.0024001,0,15,15,10,1,29.jpg,29.wav,,,,,,,,,,,,,,,,,,,,,,,,,,,,,,
,,Yuliia Parshina,001,2023-02-22_16h58.59.919,learningnewwords,2022.2.4,MacIntel,60.0024001,0,16,16,9,1,27.jpg,27.wav,,,,,,,,,,,,,,,,,,,,,,,,,,,,,,
,,Yuliia Parshina,001,2023-02-22_16h58.59.919,learningnewwords,2022.2.4,MacIntel,60.0024001,0,17,17,18,1,54.jpg,54.wav,,,,,,,,,,,,,,,,,,,,,,,,,,,,,,
,,Yuliia Parshina,001,2023-02-22_16h58.59.919,learningnewwords,2022.2.4,MacIntel,60.0024001,0,18,18,13,1,37.jpg,37.wav,,,,,,,,,,,,,,,,,,,,,,,,,,,,,,
,,Yuliia Parshina,001,2023-02-22_16h58.59.919,learningnewwords,2022.2.4,MacIntel,60.0024001,0,19,19,14,1,42.jpg,42.wav,,,,,,,,,,,,,,,,,,,,,,,,,,,,,,
,,Yuliia Parshina,001,2023-02-22_16h58.59.919,learningnewwords,2022.2.4,MacIntel,60.0024001,0,20,20,3,1,9.jpg,9.wav,,,,,,,,,,,,,,,,,,,,,,,,,,,,,,
,,Yuliia Parshina,001,2023-02-22_16h58.59.919,learningnewwords,2022.2.4,MacIntel,60.0024001,,,,,,,,space,3.9544,4,0,4,0,1,,,,,,,,,,,,,,,,,,,,,,,
,,Yuliia Parshina,001,2023-02-22_16h58.59.919,learningnewwords,2022.2.4,MacIntel,60.0024001,,,,,,,,,,,,,,,space,24.7485,,,,,,,,,,,,,,,,,,,,,
,,Yuliia Parshina,001,2023-02-22_16h58.59.919,learningnewwords,2022.2.4,MacIntel,60.0024001,,,,,,,,,,,,,,,,,1,1,2.5942,машина,-0.085798611,-0.409049479,1,0,0,10.6559,end,0,0,0,14,1,old42.jpg,42.wav,1,car,0
,,Yuliia Parshina,001,2023-02-22_16h58.59.919,learningnewwords,2022.2.4,MacIntel,60.0024001,,,,,,,,,,,,,,,,,2,1,3.0192,-,-0.085798611,-0.409049479,1,0,0,3.3454,end,0,1,1,22,1,new2.jpg,n2.wav,2,-,+
,,Yuliia Parshina,001,2023-02-22_16h58.59.919,learningnewwords,2022.2.4,MacIntel,60.0024001,,,,,,,,,,,,,,,,,2,1,1.6795,-,-0.092395833,-0.411662326,1,0,0,3.7979,end,0,2,2,32,1,new27.jpg,n27.wav,2,-,-
,,Yuliia Parshina,001,2023-02-22_16h58.59.919,learningnewwords,2022.2.4,MacIntel,60.0024001,,,,,,,,,,,,,,,,,2,1,1.8626,-,-0.115798611,-0.413168403,1,0,0,3.6784,end,0,3,3,29,1,new22.jpg,n22.wav,2,-,-
,,Yuliia Parshina,001,2023-02-22_16h58.59.919,learningnewwords,2022.2.4,MacIntel,60.0024001,,,,,,,,,,,,,,,,,1,1,1.8121,не помню,-0.130768229,-0.402769097,1,0,0,7.0465,end,0,4,4,7,1,old22.jpg,22.wav,1,skalka,-
,,Yuliia Parshina,001,2023-02-22_16h58.59.919,learningnewwords,2022.2.4,MacIntel,60.0024001,,,,,,,,,,,,,,,,,1,1,2.1949,велосипед,-0.118168403,-0.416523437,1,0,0,8.5641,end,0,5,5,15,1,old43.jpg,43.wav,1,sheet,0
,,Yuliia Parshina,001,2023-02-22_16h58.59.919,learningnewwords,2022.2.4,MacIntel,60.0024001,,,,,,,,,,,,,,,,,1,1,2.6306,велосипед,-0.114210069,-0.416944444,1,0,0,6.7642,end,0,6,6,1,1,old4.jpg,4.wav,1,bike,+
,,Yuliia Parshina,001,2023-02-22_16h58.59.919,learningnewwords,2022.2.4,MacIntel,60.0024001,,,,,,,,,,,,,,,,,2,1,1.6464,-,-0.128207465,-0.414618056,1,0,0,2.9471,end,0,7,7,36,1,new42.jpg,n42.wav,2,-,0
,,Yuliia Parshina,001,2023-02-22_16h58.59.919,learningnewwords,2022.2.4,MacIntel,60.0024001,,,,,,,,,,,,,,,,,2,1,1.4994,-,-0.123537326,-0.401154514,1,0,0,1.8962,end,0,8,8,41,1,new57.jpg,n57.wav,2,-,0
,,Yuliia Parshina,001,2023-02-22_16h58.59.919,learningnewwords,2022.2.4,MacIntel,60.0024001,,,,,,,,,,,,,,,,,2,1,1.3545,-,-0.122378472,-0.399088542,1,0,0,1.7129,end,0,9,9,34,1,new37.jpg,n37.wav,2,-,-
,,Yuliia Parshina,001,2023-02-22_16h58.59.919,learningnewwords,2022.2.4,MacIntel,60.0024001,,,,,,,,,,,,,,,,,1,1,1.4511,грузовик,-0.135542535,-0.41797309,1,0,0,4.0967,end,0,10,10,5,1,old15.jpg,15.wav,1,gruzovik,+
,,Yuliia Parshina,001,2023-02-22_16h58.59.919,learningnewwords,2022.2.4,MacIntel,60.0024001,,,,,,,,,,,,,,,,,1,1,1.7293,улитка,-0.141506076,-0.40937066,1,0,0,3.2469,end,0,11,11,17,1,old49.jpg,49.wav,1,snail,0
,,Yuliia Parshina,001,2023-02-22_16h58.59.919,learningnewwords,2022.2.4,MacIntel,60.0024001,,,,,,,,,,,,,,,,,1,1,8.0639,скалка,-0.141067708,-0.408420139,1,0,0,5.9128,end,0,12,12,10,1,old29.jpg,29.wav,1,doorhand,-
,,Yuliia Parshina,001,2023-02-22_16h58.59.919,learningnewwords,2022.2.4,MacIntel,60.0024001,,,,,,,,,,,,,,,,,2,1,1.5115,-,-0.140230035,-0.402521701,1,0,0,1.548,end,0,13,13,40,1,new54.jpg,n54.wav,2,-,0
,,Yuliia Parshina,001,2023-02-22_16h58.59.919,learningnewwords,2022.2.4,MacIntel,60.0024001,,,,,,,,,,,,,,,,,2,1,1.3953,-,-0.141822917,-0.400828993,1,0,0,1.9803,end,0,14,14,37,1,new44.jpg,n44.wav,2,-,0
,,Yuliia Parshina,001,2023-02-22_16h58.59.919,learningnewwords,2022.2.4,MacIntel,60.0024001,,,,,,,,,,,,,,,,,1,1,2.6644,не помню,-0.156597222,-0.405959201,1,0,0,4.6129,end,0,15,15,18,1,old54.jpg,54.wav,1,linear,0
,,Yuliia Parshina,001,2023-02-22_16h58.59.919,learningnewwords,2022.2.4,MacIntel,60.0024001,,,,,,,,,,,,,,,,,1,1,1.9349,кольцо,-0.147309028,-0.406076389,1,0,0,10.764,end,0,16,16,16,1,old47.jpg,47.wav,1,guitar,0
,,Yuliia Parshina,001,2023-02-22_16h58.59.919,learningnewwords,2022.2.4,MacIntel,60.0024001,,,,,,,,,,,,,,,,,1,1,1.7211,не помню,-0.137391493,-0.410008681,1,0,0,4.1961,end,0,17,17,6,1,old18.jpg,18.wav,1,sofa,+
,,Yuliia Parshina,001,2023-02-22_16h58.59.919,learningnewwords,2022.2.4,MacIntel,60.0024001,,,,,,,,,,,,,,,,,2,1,1.6294,-,-0.129079861,-0.400980903,1,0,0,1.596,end,0,18,18,24,1,new6.jpg,n6.wav,2,-,+
,,Yuliia Parshina,001,2023-02-22_16h58.59.919,learningnewwords,2022.2.4,MacIntel,60.0024001,,,,,,,,,,,,,,,,,1,1,1.4964,кольцо,-0.13296441,-0.403624132,1,0,0,4.714,end,0,19,19,13,1,old37.jpg,37.wav,1,stoll,-
,,Yuliia Parshina,001,2023-02-22_16h58.59.919,learningnewwords,2022.2.4,MacIntel,60.0024001,,,,,,,,,,,,,,,,,1,1,1.745,не помню,-0.13141059,-0.406857639,1,0,0,6.6317,end,0,20,20,9,1,old27.jpg,27.wav,1,ring,-
,,Yuliia Parshina,001,2023-02-22_16h58.59.919,learningnewwords,2022.2.4,MacIntel,60.0024001,,,,,,,,,,,,,,,,,2,1,1.7624,-,-0.124748264,-0.4021875,1,0,0,1.3807,end,0,21,21,25,1,new7.jpg,n7.wav,2,-,+
,,Yuliia Parshina,001,2023-02-22_16h58.59.919,learningnewwords,2022.2.4,MacIntel,60.0024001,,,,,,,,,,,,,,,,,1,1,2.0046,-,-0.120755208,-0.401861979,1,0,0,2.0285,end,0,22,22,20,1,old57.jpg,57.wav,1,traffic,0
,,Yuliia Parshina,001,2023-02-22_16h58.59.919,learningnewwords,2022.2.4,MacIntel,60.0024001,,,,,,,,,,,,,,,,,2,1,1.3454,-,-0.120755208,-0.405959201,1,0,0,2.8802,end,0,23,23,28,1,new21.jpg,n21.wav,2,-,-
,,Yuliia Parshina,001,2023-02-22_16h58.59.919,learningnewwords,2022.2.4,MacIntel,60.0024001,,,,,,,,,,,,,,,,,1,1,1.9131,сумка,-0.127013889,-0.408559028,1,0,0,2.814,end,0,24,24,2,1,old7.jpg,7.wav,1,bag,+
,,Yuliia Parshina,001,2023-02-22_16h58.59.919,learningnewwords,2022.2.4,MacIntel,60.0024001,,,,,,,,,,,,,,,,,2,1,1.2297,-,-0.133914931,-0.401631944,1,0,0,2.2468,end,0,25,25,21,1,new1.jpg,n1.wav,2,-,+
,,Yuliia Parshina,001,2023-02-22_16h58.59.919,learningnewwords,2022.2.4,MacIntel,60.0024001,,,,,,,,,,,,,,,,,2,1,1.1067,-,-0.135907118,-0.40625434,1,0,0,1.5815,end,0,26,26,33,1,new34.jpg,n34.wav,2,-,-
,,Yuliia Parshina,001,2023-02-22_16h58.59.919,learningnewwords,2022.2.4,MacIntel,60.0024001,,,,,,,,,,,,,,,,,2,1,1.0201,-,-0.136727431,-0.403563368,1,0,0,1.5968,end,0,27,27,27,1,new17.jpg,n17.wav,2,-,+
,,Yuliia Parshina,001,2023-02-22_16h58.59.919,learningnewwords,2022.2.4,MacIntel,60.0024001,,,,,,,,,,,,,,,,,2,1,1.0388,-,-0.137881944,-0.400529514,1,0,0,1.5799,end,0,28,28,23,1,new4.jpg,n4.wav,2,-,+
,,Yuliia Parshina,001,2023-02-22_16h58.59.919,learningnewwords,2022.2.4,MacIntel,60.0024001,,,,,,,,,,,,,,,,,2,1,1.1061,-,-0.123710938,-0.396666667,1,0,0,1.4134,end,0,29,29,31,1,new26.jpg,n26.wav,2,-,-
,,Yuliia Parshina,001,2023-02-22_16h58.59.919,learningnewwords,2022.2.4,MacIntel,60.0024001,,,,,,,,,,,,,,,,,2,1,1.8128,-,-0.125603299,-0.409184028,1,0,0,1.7972,end,0,30,30,35,1,new41.jpg,n41.wav,2,-,0
,,Yuliia Parshina,001,2023-02-22_16h58.59.919,learningnewwords,2022.2.4,MacIntel,60.0024001,,,,,,,,,,,,,,,,,2,1,1.0958,-,-0.127907986,-0.405455729,1,0,0,1.7158,end,0,31,31,39,1,new48.jpg,n48.wav,2,-,0
,,Yuliia Parshina,001,2023-02-22_16h58.59.919,learningnewwords,2022.2.4,MacIntel,60.0024001,,,,,,,,,,,,,,,,,2,1,1.0969,-,-0.120733507,-0.405425347,1,0,0,1.3317,end,0,32,32,30,1,new24.jpg,n24.wav,2,-,-
,,Yuliia Parshina,001,2023-02-22_16h58.59.919,learningnewwords,2022.2.4,MacIntel,60.0024001,,,,,,,,,,,,,,,,,1,1,3.3131,варежка,-0.131358507,-0.402986111,1,0,0,5.4792,end,0,33,33,12,1,old35.jpg,35.wav,1,umbrella,-
,,Yuliia Parshina,001,2023-02-22_16h58.59.919,learningnewwords,2022.2.4,MacIntel,60.0024001,,,,,,,,,,,,,,,,,2,0,2.5129,сумка или варежка,-0.148142361,-0.411762153,1,0,0,7.2326,end,0,34,34,11,1,old33.jpg,33.wav,1,varezhka,-
,,Yuliia Parshina,001,2023-02-22_16h58.59.919,learningnewwords,2022.2.4,MacIntel,60.0024001,,,,,,,,,,,,,,,,,1,1,1.5944,не помню,-0.146063368,-0.413190104,1,0,0,5.2289,end,0,35,35,8,1,old24.jpg,24.wav,1,nose,-
,,Yuliia Parshina,001,2023-02-22_16h58.59.919,learningnewwords,2022.2.4,MacIntel,60.0024001,,,,,,,,,,,,,,,,,1,1,4.5155,не помню,-0.138949653,-0.412447917,1,0,0,4.3459,end,0,36,36,4,1,old14.jpg,14.wav,1,skovoroda,+
,,Yuliia Parshina,001,2023-02-22_16h58.59.919,learningnewwords,2022.2.4,MacIntel,60.0024001,,,,,,,,,,,,,,,,,1,1,2.6641,не помню,-0.137621528,-0.412916667,1,0,0,3.9466,end,0,37,37,3,1,old9.jpg,9.wav,1,arm,+
,,Yuliia Parshina,001,2023-02-22_16h58.59.919,learningnewwords,2022.2.4,MacIntel,60.0024001,,,,,,,,,,,,,,,,,1,1,1.5133,стакан,-0.131276042,-0.405099826,1,0,0,3.0472,end,0,38,38,19,1,old55.jpg,55.wav,1,stakan,0
,,Yuliia Parshina,001,2023-02-22_16h58.59.919,learningnewwords,2022.2.4,MacIntel,60.0024001,,,,,,,,,,,,,,,,,2,1,1.1627,-,-0.122773437,-0.399466146,1,0,0,1.4806,end,0,39,39,38,1,new46.jpg,n46.wav,2,-,0
,,Yuliia Parshina,001,2023-02-22_16h58.59.919,learningnewwords,2022.2.4,MacIntel,60.0024001,,,,,,,,,,,,,,,,,2,1,1.3389,-,-0.12015625,-0.405351562,1,0,0,1.5976,end,0,40,40,26,1,new13.jpg,n13.wav,2,-,+
,,Yuliia Parshina,001,2023-02-22_16h58.59.919,learningnewwords,2022.2.4,MacIntel,60.0024001,,,,,,,,,,,,,,,,,1,1,1.2321,перчатка,-0.131358507,-0.402473958,1,0,0,3.5134,end,0,41,41,0,1,old2.jpg,2.wav,1,gloves,+
